<ImportExportXml xmlns:xsi="http://www.w3.org/2001/XMLSchema-instance">
  <Entities></Entities>
  <Roles></Roles>
  <Workflows></Workflows>
  <FieldSecurityProfiles></FieldSecurityProfiles>
  <Templates />
  <EntityMaps />
  <EntityRelationships />
  <OrganizationSettings />
  <optionsets />
  <CustomControls />
  <EntityDataProviders />
  <CanvasApps>
    <CanvasApp>
      <Name>new_visitormanagementadmin_06564</Name>
      <AppVersion>2024-08-02T07:09:52Z</AppVersion>
      <Status>Ready</Status>
      <CreatedByClientVersion>3.24074.14.0</CreatedByClientVersion>
      <MinClientVersion>3.24074.14.0</MinClientVersion>
      <Tags>{"primaryDeviceWidth":"1366","primaryDeviceHeight":"768","supportsPortrait":"true","supportsLandscape":"true","primaryFormFactor":"Tablet","publisherVersion":"3.24074.14","minimumRequiredApiVersion":"2.2.0","hasComponent":"false","hasUnlockedComponent":"false","isUnifiedRootApp":"false","sienaVersion":"20240731T141129Z-3.24074.14.0","showStatusBar":"false","offlineLargeFilesSupport":"false"}</Tags>
      <IsCdsUpgraded>0</IsCdsUpgraded>
      <GalleryItemId xsi:nil="true"></GalleryItemId>
      <BackgroundColor>RGBA(0,176,240,1)</BackgroundColor>
      <DisplayName>Visitor Management Admin</DisplayName>
      <Description xsi:nil="true"></Description>
      <CommitMessage xsi:nil="true"></CommitMessage>
      <Publisher></Publisher>
      <AuthorizationReferences>[]</AuthorizationReferences>
      <ConnectionReferences>{"abe2c42f-0a01-4e3c-8f90-aef7cc84c6e1":{"id":"/providers/microsoft.powerapps/apis/shared_logicflows","displayName":"Logic flows","iconUri":"https://connectoricons-prod.azureedge.net/releases/v1.0.1697/1.0.1697.3784/logicflows/icon.png","dataSources":["PrintStaffQRCard"],"dependencies":["0053ab01-32c1-4927-9c7c-cc8149e85a90","7ede1c47-ea85-44f1-afc0-c3cd9b4aa2f4"],"dependents":[],"parameterHints":{"workflowName":{"value":"d6e94164-92c7-40d7-aed7-0df1dcd53029"},"workflowEntityId":{"value":"fb9e2059-c1ff-ed11-8f6d-00224841f05b"},"workflowDisplayName":{"value":"Print Staff QR Card"},"0053ab01-32c1-4927-9c7c-cc8149e85a90":{"value":"shared_onedriveforbusiness_1"},"7ede1c47-ea85-44f1-afc0-c3cd9b4aa2f4":{"value":"shared_commondataserviceforapps"}},"parameterHintsV2":{"workflowName":{"value":"d6e94164-92c7-40d7-aed7-0df1dcd53029"},"workflowEntityId":{"value":"fb9e2059-c1ff-ed11-8f6d-00224841f05b"},"workflowDisplayName":{"value":"Print Staff QR Card"},"shared_onedriveforbusiness_1":{"value":"0053ab01-32c1-4927-9c7c-cc8149e85a90"},"shared_commondataserviceforapps":{"value":"7ede1c47-ea85-44f1-afc0-c3cd9b4aa2f4"}},"isOnPremiseConnection":false,"bypassConsent":false,"dataSets":{},"apiTier":"Standard","actions":["Run"]},"0053ab01-32c1-4927-9c7c-cc8149e85a90":{"id":"/providers/microsoft.powerapps/apis/shared_onedriveforbusiness","displayName":"OneDrive for Business","iconUri":"https://connectoricons-prod.azureedge.net/releases/v1.0.1689/1.0.1689.3722/onedriveforbusiness/icon.png","dataSources":[],"dependencies":[],"dependents":["abe2c42f-0a01-4e3c-8f90-aef7cc84c6e1","ccc7b551-5cce-4746-9bef-0819b1d06879"],"parameterHints":{},"parameterHintsV2":{},"isOnPremiseConnection":false,"bypassConsent":false,"dataSets":{},"apiTier":"Standard"},"7ede1c47-ea85-44f1-afc0-c3cd9b4aa2f4":{"id":"/providers/microsoft.powerapps/apis/shared_commondataserviceforapps","displayName":"Microsoft Dataverse","iconUri":"https://connectoricons-prod.azureedge.net/releases/v1.0.1705/1.0.1705.3833/commondataserviceforapps/icon.png","dataSources":[],"dependencies":[],"dependents":["abe2c42f-0a01-4e3c-8f90-aef7cc84c6e1","13253b74-3d17-4dd0-b08b-80eac9780dda","ccc7b551-5cce-4746-9bef-0819b1d06879"],"parameterHints":{},"parameterHintsV2":{},"isOnPremiseConnection":false,"bypassConsent":false,"dataSets":{},"apiTier":"Premium"},"13253b74-3d17-4dd0-b08b-80eac9780dda":{"id":"/providers/microsoft.powerapps/apis/shared_logicflows","displayName":"Logic flows","iconUri":"https://connectoricons-prod.azureedge.net/releases/v1.0.1697/1.0.1697.3784/logicflows/icon.png","dataSources":["BookingDeletionEmail"],"dependencies":["293868a0-136d-44be-b1f4-be44d7ac8666","7ede1c47-ea85-44f1-afc0-c3cd9b4aa2f4"],"dependents":[],"parameterHints":{"workflowName":{"value":"cc7826c6-4eb4-4ca2-b5cb-2f340a81a763"},"workflowEntityId":{"value":"d5f8301f-7003-ee11-8f6d-00224841f90d"},"workflowDisplayName":{"value":"Booking Deletion Email"},"293868a0-136d-44be-b1f4-be44d7ac8666":{"value":"shared_office365"},"7ede1c47-ea85-44f1-afc0-c3cd9b4aa2f4":{"value":"shared_commondataserviceforapps"}},"parameterHintsV2":{"workflowName":{"value":"cc7826c6-4eb4-4ca2-b5cb-2f340a81a763"},"workflowEntityId":{"value":"d5f8301f-7003-ee11-8f6d-00224841f90d"},"workflowDisplayName":{"value":"Booking Deletion Email"},"shared_office365":{"value":"293868a0-136d-44be-b1f4-be44d7ac8666"},"shared_commondataserviceforapps":{"value":"7ede1c47-ea85-44f1-afc0-c3cd9b4aa2f4"}},"isOnPremiseConnection":false,"bypassConsent":false,"dataSets":{},"apiTier":"Standard","actions":["Run"]},"293868a0-136d-44be-b1f4-be44d7ac8666":{"id":"/providers/microsoft.powerapps/apis/shared_office365","displayName":"Office 365 Outlook","iconUri":"https://connectoricons-prod.azureedge.net/releases/v1.0.1686/1.0.1686.3706/office365/icon.png","dataSources":[],"dependencies":[],"dependents":["13253b74-3d17-4dd0-b08b-80eac9780dda","27361534-92bd-4ee0-896e-7029e0ef838a"],"parameterHints":{},"parameterHintsV2":{},"isOnPremiseConnection":false,"bypassConsent":false,"dataSets":{},"apiTier":"Standard"},"ccc7b551-5cce-4746-9bef-0819b1d06879":{"id":"/providers/microsoft.powerapps/apis/shared_logicflows","displayName":"Logic flows","iconUri":"https://connectoricons-prod.azureedge.net/releases/v1.0.1697/1.0.1697.3784/logicflows/icon.png","dataSources":["PrintVisitorCard-New"],"dependencies":["0053ab01-32c1-4927-9c7c-cc8149e85a90","7ede1c47-ea85-44f1-afc0-c3cd9b4aa2f4"],"dependents":[],"parameterHints":{"workflowName":{"value":"1ff51b00-70ce-4294-b4b2-38e16956f54c"},"workflowEntityId":{"value":"f78fbb7c-9a28-ef11-840b-7c1e52037d37"},"workflowDisplayName":{"value":"Print Visitor Card - New"},"0053ab01-32c1-4927-9c7c-cc8149e85a90":{"value":"shared_onedriveforbusiness_1"},"7ede1c47-ea85-44f1-afc0-c3cd9b4aa2f4":{"value":"shared_commondataserviceforapps"}},"parameterHintsV2":{"workflowName":{"value":"1ff51b00-70ce-4294-b4b2-38e16956f54c"},"workflowEntityId":{"value":"f78fbb7c-9a28-ef11-840b-7c1e52037d37"},"workflowDisplayName":{"value":"Print Visitor Card - New"},"shared_onedriveforbusiness_1":{"value":"0053ab01-32c1-4927-9c7c-cc8149e85a90"},"shared_commondataserviceforapps":{"value":"7ede1c47-ea85-44f1-afc0-c3cd9b4aa2f4"}},"isOnPremiseConnection":false,"bypassConsent":false,"dataSets":{},"apiTier":"Standard","actions":["Run"]},"be77ec5b-4a38-44a2-a1fd-ea01dc402a6c":{"id":"/providers/microsoft.powerapps/apis/shared_logicflows","displayName":"Logic flows","iconUri":"https://connectoricons-prod.azureedge.net/releases/v1.0.1697/1.0.1697.3784/logicflows/icon.png","dataSources":["ExtraAssistanceSignInEmail"],"dependencies":[],"dependents":[],"parameterHints":{"workflowName":{"value":"fd077a32-1cdc-4478-9d4c-47453050d12e"},"workflowEntityId":{"value":"3595d19a-7203-ee11-8f6e-00224841f05b"},"workflowDisplayName":{"value":"Extra Assistance Sign In Email"}},"parameterHintsV2":{"workflowName":{"value":"fd077a32-1cdc-4478-9d4c-47453050d12e"},"workflowEntityId":{"value":"3595d19a-7203-ee11-8f6e-00224841f05b"},"workflowDisplayName":{"value":"Extra Assistance Sign In Email"}},"isOnPremiseConnection":false,"bypassConsent":false,"dataSets":{},"apiTier":"Standard","actions":["Run"]},"27361534-92bd-4ee0-896e-7029e0ef838a":{"id":"/providers/microsoft.powerapps/apis/shared_logicflows","displayName":"Logic flows","iconUri":"https://connectoricons-prod.azureedge.net/releases/v1.0.1697/1.0.1697.3784/logicflows/icon.png","dataSources":["NewSignInEmail"],"dependencies":["293868a0-136d-44be-b1f4-be44d7ac8666"],"dependents":[],"parameterHints":{"workflowName":{"value":"447d4fc6-cf7e-446a-a962-b4ab070eff5e"},"workflowEntityId":{"value":"34dca2a9-414f-ef11-a317-000d3ad6433f"},"workflowDisplayName":{"value":"New Sign In Email"},"293868a0-136d-44be-b1f4-be44d7ac8666":{"value":"shared_office365_1"}},"parameterHintsV2":{"workflowName":{"value":"447d4fc6-cf7e-446a-a962-b4ab070eff5e"},"workflowEntityId":{"value":"34dca2a9-414f-ef11-a317-000d3ad6433f"},"workflowDisplayName":{"value":"New Sign In Email"},"shared_office365_1":{"value":"293868a0-136d-44be-b1f4-be44d7ac8666"}},"isOnPremiseConnection":false,"bypassConsent":false,"dataSets":{},"apiTier":"Standard","actions":["Run"]}}</ConnectionReferences>
      <DatabaseReferences>{"default.cds":{"databaseDetails":{"referenceType":"Environmental","environmentName":"default.cds","overrideValues":{"status":"NotSpecified"}},"dataSources":{"VM Bookings":{"entitySetName":"new_vmbookings","logicalName":"new_vmbooking"},"VM Visitors":{"entitySetName":"new_visitorlogs","logicalName":"new_visitorlog"},"VM Users":{"entitySetName":"new_vmusers","logicalName":"new_vmuser"},"VM Staffs":{"entitySetName":"new_vmstaffs","logicalName":"new_vmstaff"},"VM Staff Locations":{"entitySetName":"new_vmstafflocations","logicalName":"new_vmstafflocation"},"VM Purposes":{"entitySetName":"new_vmpurposes","logicalName":"new_vmpurpose"},"VM Customers":{"entitySetName":"new_vmcustomers","logicalName":"new_vmcustomer"},"VM Locations":{"entitySetName":"new_vmlocations","logicalName":"new_vmlocation"},"VM Admins":{"entitySetName":"new_vmadmins","logicalName":"new_vmadmin"}}}}</DatabaseReferences>
      <AppComponents>[]</AppComponents>
      <AppComponentDependencies>[]</AppComponentDependencies>
      <CanConsumeAppPass>1</CanConsumeAppPass>
      <CanvasAppType>0</CanvasAppType>
      <BypassConsent>0</BypassConsent>
      <AdminControlBypassConsent>0</AdminControlBypassConsent>
      <EmbeddedApp xsi:nil="true"></EmbeddedApp>
      <IntroducedVersion>1.0</IntroducedVersion>
      <CdsDependencies>{"cdsdependencies":[{"dependencyid":"fb9e2059-c1ff-ed11-8f6d-00224841f05b","componenttype":29,"componenttypeplatformname":"Workflow"},{"dependencyid":"d5f8301f-7003-ee11-8f6d-00224841f90d","componenttype":29,"componenttypeplatformname":"Workflow"},{"dependencyid":"f78fbb7c-9a28-ef11-840b-7c1e52037d37","componenttype":29,"componenttypeplatformname":"Workflow"},{"dependencyid":"3595d19a-7203-ee11-8f6e-00224841f05b","componenttype":29,"componenttypeplatformname":"Workflow"},{"dependencyid":"34dca2a9-414f-ef11-a317-000d3ad6433f","componenttype":29,"componenttypeplatformname":"Workflow"},{"logicalname":"new_vmbooking","componenttype":1},{"logicalname":"new_visitorlog","componenttype":1},{"logicalname":"new_vmuser","componenttype":1},{"logicalname":"new_vmstaff","componenttype":1},{"logicalname":"new_vmstafflocation","componenttype":1},{"logicalname":"new_vmpurpose","componenttype":1},{"logicalname":"new_vmcustomer","componenttype":1},{"logicalname":"new_vmlocation","componenttype":1},{"logicalname":"new_vmadmin","componenttype":1}]}</CdsDependencies>
      <IsCustomizable>1</IsCustomizable>
      <BackgroundImageUri>/CanvasApps/new_visitormanagementadmin_06564_BackgroundImageUri</BackgroundImageUri>
      <DocumentUri>/CanvasApps/new_visitormanagementadmin_06564_DocumentUri.msapp</DocumentUri>
      <AdditionalUris>
        <AdditionalUri>/CanvasApps/new_visitormanagementadmin_06564_AdditionalUris0_identity.json</AdditionalUri>
      </AdditionalUris>
    </CanvasApp>
    <CanvasApp>
      <Name>new_visitormanagementsystem_e9e28</Name>
      <AppVersion>2024-07-31T14:13:56Z</AppVersion>
      <Status>Ready</Status>
      <CreatedByClientVersion>3.24074.14.0</CreatedByClientVersion>
      <MinClientVersion>3.24074.14.0</MinClientVersion>
      <Tags>{"primaryDeviceWidth":"1366","primaryDeviceHeight":"768","sienaVersion":"20240730T115433Z-3.24073.20.0","deviceCapabilities":"webcam","supportsPortrait":"true","supportsLandscape":"true","primaryFormFactor":"Tablet","publisherVersion":"3.24074.14","minimumRequiredApiVersion":"2.2.0","hasComponent":"false","hasUnlockedComponent":"false","isUnifiedRootApp":"false","showStatusBar":"false","offlineLargeFilesSupport":"false"}</Tags>
      <IsCdsUpgraded>0</IsCdsUpgraded>
      <GalleryItemId xsi:nil="true"></GalleryItemId>
      <BackgroundColor>RGBA(0,176,240,1)</BackgroundColor>
      <DisplayName>Visitor Management System</DisplayName>
      <Description>Optimize visitor management with the Visitor Management System app. Efficiently manage sign-ins and sign-outs, streamline appointment searches, and enhance security measures. Simplify the process with barcode scanning, staff sign-in capabilities, and real-time data updates. Ensure a seamless experience for visitors and staff.</Description>
      <CommitMessage xsi:nil="true"></CommitMessage>
      <Publisher></Publisher>
      <AuthorizationReferences>[]</AuthorizationReferences>
      <ConnectionReferences>{"c876f8db-67d8-4f56-9566-68ba1c8e5b1d":{"id":"/providers/microsoft.powerapps/apis/shared_logicflows","displayName":"Logic flows","iconUri":"https://connectoricons-prod.azureedge.net/releases/v1.0.1697/1.0.1697.3784/logicflows/icon.png","dataSources":["PrintVisitorCard"],"dependencies":["14773a7f-04ca-46c7-9430-beca80ab524b","b61ad2d9-b510-4a5e-bd64-d52caa612977"],"dependents":[],"parameterHints":{"workflowName":{"value":"6c5c8b2f-37cb-4d50-97ac-aa1fc8d14e93"},"workflowEntityId":{"value":"3c4990e5-3c42-ec11-8c62-000d3ad68e38"},"workflowDisplayName":{"value":"Print Visitor Card"},"14773a7f-04ca-46c7-9430-beca80ab524b":{"value":"shared_onedriveforbusiness_1"},"b61ad2d9-b510-4a5e-bd64-d52caa612977":{"value":"shared_commondataserviceforapps"}},"parameterHintsV2":{"workflowName":{"value":"6c5c8b2f-37cb-4d50-97ac-aa1fc8d14e93"},"workflowEntityId":{"value":"3c4990e5-3c42-ec11-8c62-000d3ad68e38"},"workflowDisplayName":{"value":"Print Visitor Card"},"shared_onedriveforbusiness_1":{"value":"14773a7f-04ca-46c7-9430-beca80ab524b"},"shared_commondataserviceforapps":{"value":"b61ad2d9-b510-4a5e-bd64-d52caa612977"}},"isOnPremiseConnection":false,"bypassConsent":false,"dataSets":{},"apiTier":"Standard"},"14773a7f-04ca-46c7-9430-beca80ab524b":{"id":"/providers/microsoft.powerapps/apis/shared_onedriveforbusiness","displayName":"OneDrive for Business","iconUri":"https://connectoricons-prod.azureedge.net/releases/v1.0.1689/1.0.1689.3722/onedriveforbusiness/icon.png","dataSources":[],"dependencies":[],"dependents":["c876f8db-67d8-4f56-9566-68ba1c8e5b1d","64e5a2ed-dbed-4104-a9ca-dfa146e019f3"],"parameterHints":{},"parameterHintsV2":{},"isOnPremiseConnection":false,"bypassConsent":false,"dataSets":{},"apiTier":"Standard"},"b61ad2d9-b510-4a5e-bd64-d52caa612977":{"id":"/providers/microsoft.powerapps/apis/shared_commondataserviceforapps","displayName":"Microsoft Dataverse","iconUri":"https://connectoricons-prod.azureedge.net/releases/v1.0.1705/1.0.1705.3833/commondataserviceforapps/icon.png","dataSources":[],"dependencies":[],"dependents":["c876f8db-67d8-4f56-9566-68ba1c8e5b1d","5eb890e7-f4a7-43dd-8bef-51c747f7235f","64e5a2ed-dbed-4104-a9ca-dfa146e019f3"],"parameterHints":{},"parameterHintsV2":{},"isOnPremiseConnection":false,"bypassConsent":false,"dataSets":{},"apiTier":"Premium"},"38bff3a6-e227-4e10-b663-43781282cd69":{"id":"/providers/microsoft.powerapps/apis/shared_logicflows","displayName":"Logic flows","iconUri":"https://connectoricons-prod.azureedge.net/releases/v1.0.1697/1.0.1697.3784/logicflows/icon.png","dataSources":["ExtraAssistanceSignInEmail"],"dependencies":[],"dependents":[],"parameterHints":{"workflowName":{"value":"0c31afa6-8428-45f2-8545-16b541f644f3"},"workflowEntityId":{"value":"3595d19a-7203-ee11-8f6e-00224841f05b"},"workflowDisplayName":{"value":"Extra Assistance Sign In Email"}},"parameterHintsV2":{"workflowName":{"value":"0c31afa6-8428-45f2-8545-16b541f644f3"},"workflowEntityId":{"value":"3595d19a-7203-ee11-8f6e-00224841f05b"},"workflowDisplayName":{"value":"Extra Assistance Sign In Email"}},"isOnPremiseConnection":false,"bypassConsent":false,"dataSets":{},"apiTier":"Standard","actions":["Run"]},"0e37a350-3a7b-4d5f-bb0c-b5d4f13f02f7":{"id":"/providers/microsoft.powerapps/apis/shared_logicflows","displayName":"Logic flows","iconUri":"https://connectoricons-prod.azureedge.net/releases/v1.0.1697/1.0.1697.3784/logicflows/icon.png","dataSources":["ExtraAssistanceSignOutEmail"],"dependencies":[],"dependents":[],"parameterHints":{"workflowName":{"value":"916e4757-dcdc-4220-9f32-8214e9a6fa98"},"workflowEntityId":{"value":"f5a62a30-7303-ee11-8f6e-00224841f05b"},"workflowDisplayName":{"value":"Extra Assistance Sign Out Email"}},"parameterHintsV2":{"workflowName":{"value":"916e4757-dcdc-4220-9f32-8214e9a6fa98"},"workflowEntityId":{"value":"f5a62a30-7303-ee11-8f6e-00224841f05b"},"workflowDisplayName":{"value":"Extra Assistance Sign Out Email"}},"isOnPremiseConnection":false,"bypassConsent":false,"dataSets":{},"apiTier":"Standard","actions":["Run"]},"5eb890e7-f4a7-43dd-8bef-51c747f7235f":{"id":"/providers/microsoft.powerapps/apis/shared_logicflows","displayName":"Logic flows","iconUri":"https://connectoricons-prod.azureedge.net/releases/v1.0.1697/1.0.1697.3784/logicflows/icon.png","dataSources":["EvacuationReportEmail"],"dependencies":["b61ad2d9-b510-4a5e-bd64-d52caa612977","8ab75aab-5d21-412c-9baf-a066de188626"],"dependents":[],"parameterHints":{"workflowName":{"value":"45f50bc0-6633-4700-b399-d472999504fd"},"workflowEntityId":{"value":"2bacfd0d-7203-ee11-8f6e-00224841f05b"},"workflowDisplayName":{"value":"Evacuation Report Email"},"b61ad2d9-b510-4a5e-bd64-d52caa612977":{"value":"shared_commondataserviceforapps"},"8ab75aab-5d21-412c-9baf-a066de188626":{"value":"shared_office365"}},"parameterHintsV2":{"workflowName":{"value":"45f50bc0-6633-4700-b399-d472999504fd"},"workflowEntityId":{"value":"2bacfd0d-7203-ee11-8f6e-00224841f05b"},"workflowDisplayName":{"value":"Evacuation Report Email"},"shared_commondataserviceforapps":{"value":"b61ad2d9-b510-4a5e-bd64-d52caa612977"},"shared_office365":{"value":"8ab75aab-5d21-412c-9baf-a066de188626"}},"isOnPremiseConnection":false,"bypassConsent":false,"dataSets":{},"apiTier":"Standard","actions":["Run"]},"8ab75aab-5d21-412c-9baf-a066de188626":{"id":"/providers/microsoft.powerapps/apis/shared_office365","displayName":"Office 365 Outlook","iconUri":"https://connectoricons-prod.azureedge.net/releases/v1.0.1686/1.0.1686.3706/office365/icon.png","dataSources":[],"dependencies":[],"dependents":["5eb890e7-f4a7-43dd-8bef-51c747f7235f","548089ae-282f-4fe3-991b-11217a41146e"],"parameterHints":{},"parameterHintsV2":{},"isOnPremiseConnection":false,"bypassConsent":false,"dataSets":{},"apiTier":"Standard"},"64e5a2ed-dbed-4104-a9ca-dfa146e019f3":{"id":"/providers/microsoft.powerapps/apis/shared_logicflows","displayName":"Logic flows","iconUri":"https://connectoricons-prod.azureedge.net/releases/v1.0.1697/1.0.1697.3784/logicflows/icon.png","dataSources":["PrintVisitorCard-New"],"dependencies":["14773a7f-04ca-46c7-9430-beca80ab524b","b61ad2d9-b510-4a5e-bd64-d52caa612977"],"dependents":[],"parameterHints":{"workflowName":{"value":"0740322b-1e09-449c-b077-2d572892f3a8"},"workflowEntityId":{"value":"f78fbb7c-9a28-ef11-840b-7c1e52037d37"},"workflowDisplayName":{"value":"Print Visitor Card - New"},"14773a7f-04ca-46c7-9430-beca80ab524b":{"value":"shared_onedriveforbusiness_1"},"b61ad2d9-b510-4a5e-bd64-d52caa612977":{"value":"shared_commondataserviceforapps"}},"parameterHintsV2":{"workflowName":{"value":"0740322b-1e09-449c-b077-2d572892f3a8"},"workflowEntityId":{"value":"f78fbb7c-9a28-ef11-840b-7c1e52037d37"},"workflowDisplayName":{"value":"Print Visitor Card - New"},"shared_onedriveforbusiness_1":{"value":"14773a7f-04ca-46c7-9430-beca80ab524b"},"shared_commondataserviceforapps":{"value":"b61ad2d9-b510-4a5e-bd64-d52caa612977"}},"isOnPremiseConnection":false,"bypassConsent":false,"dataSets":{},"apiTier":"Standard","actions":["Run"]},"548089ae-282f-4fe3-991b-11217a41146e":{"id":"/providers/microsoft.powerapps/apis/shared_logicflows","displayName":"Logic flows","iconUri":"https://connectoricons-prod.azureedge.net/releases/v1.0.1697/1.0.1697.3784/logicflows/icon.png","dataSources":["NewSignInEmail"],"dependencies":["8ab75aab-5d21-412c-9baf-a066de188626"],"dependents":[],"parameterHints":{"workflowName":{"value":"c75d0958-c89b-46a1-8867-24ecfb8601f8"},"workflowEntityId":{"value":"34dca2a9-414f-ef11-a317-000d3ad6433f"},"workflowDisplayName":{"value":"New Sign In Email"},"8ab75aab-5d21-412c-9baf-a066de188626":{"value":"shared_office365_1"}},"parameterHintsV2":{"workflowName":{"value":"c75d0958-c89b-46a1-8867-24ecfb8601f8"},"workflowEntityId":{"value":"34dca2a9-414f-ef11-a317-000d3ad6433f"},"workflowDisplayName":{"value":"New Sign In Email"},"shared_office365_1":{"value":"8ab75aab-5d21-412c-9baf-a066de188626"}},"isOnPremiseConnection":false,"bypassConsent":false,"dataSets":{},"apiTier":"Standard","actions":["Run"]}}</ConnectionReferences>
      <DatabaseReferences>{"default.cds":{"databaseDetails":{"referenceType":"Environmental","environmentName":"default.cds","overrideValues":{"status":"NotSpecified"}},"dataSources":{"VM Bookings":{"entitySetName":"new_vmbookings","logicalName":"new_vmbooking"},"VM Customers":{"entitySetName":"new_vmcustomers","logicalName":"new_vmcustomer"},"VM Locations":{"entitySetName":"new_vmlocations","logicalName":"new_vmlocation"},"VM Staffs":{"entitySetName":"new_vmstaffs","logicalName":"new_vmstaff"},"VM Users":{"entitySetName":"new_vmusers","logicalName":"new_vmuser"},"VM Visitors":{"entitySetName":"new_visitorlogs","logicalName":"new_visitorlog"},"VM Purposes":{"entitySetName":"new_vmpurposes","logicalName":"new_vmpurpose"}}}}</DatabaseReferences>
      <AppComponents>[]</AppComponents>
      <AppComponentDependencies>[]</AppComponentDependencies>
      <CanConsumeAppPass>1</CanConsumeAppPass>
      <CanvasAppType>0</CanvasAppType>
      <BypassConsent>0</BypassConsent>
      <AdminControlBypassConsent>0</AdminControlBypassConsent>
      <EmbeddedApp xsi:nil="true"></EmbeddedApp>
      <IntroducedVersion>1.0</IntroducedVersion>
      <CdsDependencies>{"cdsdependencies":[{"dependencyid":"3c4990e5-3c42-ec11-8c62-000d3ad68e38","componenttype":29,"componenttypeplatformname":"Workflow"},{"dependencyid":"3595d19a-7203-ee11-8f6e-00224841f05b","componenttype":29,"componenttypeplatformname":"Workflow"},{"dependencyid":"f5a62a30-7303-ee11-8f6e-00224841f05b","componenttype":29,"componenttypeplatformname":"Workflow"},{"dependencyid":"2bacfd0d-7203-ee11-8f6e-00224841f05b","componenttype":29,"componenttypeplatformname":"Workflow"},{"dependencyid":"f78fbb7c-9a28-ef11-840b-7c1e52037d37","componenttype":29,"componenttypeplatformname":"Workflow"},{"dependencyid":"34dca2a9-414f-ef11-a317-000d3ad6433f","componenttype":29,"componenttypeplatformname":"Workflow"},{"logicalname":"new_vmbooking","componenttype":1},{"logicalname":"new_vmcustomer","componenttype":1},{"logicalname":"new_vmlocation","componenttype":1},{"logicalname":"new_vmstaff","componenttype":1},{"logicalname":"new_vmuser","componenttype":1},{"logicalname":"new_visitorlog","componenttype":1},{"logicalname":"new_vmpurpose","componenttype":1}]}</CdsDependencies>
      <IsCustomizable>1</IsCustomizable>
      <BackgroundImageUri>/CanvasApps/new_visitormanagementsystem_e9e28_BackgroundImageUri</BackgroundImageUri>
      <DocumentUri>/CanvasApps/new_visitormanagementsystem_e9e28_DocumentUri.msapp</DocumentUri>
      <AdditionalUris>
        <AdditionalUri>/CanvasApps/new_visitormanagementsystem_e9e28_AdditionalUris0_identity.json</AdditionalUri>
      </AdditionalUris>
    </CanvasApp>
  </CanvasApps>
  <Languages>
    <Language>1033</Language>
  </Languages>
</ImportExportXml>