<ImportExportXml version="9.2.24082.178" SolutionPackageVersion="9.2" languagecode="1033" generatedBy="CrmLive" xmlns:xsi="http://www.w3.org/2001/XMLSchema-instance">
  <SolutionManifest>
    <UniqueName>VisitorManagementApp</UniqueName>
    <LocalizedNames>
      <LocalizedName description="Visitor Management App" languagecode="1033" />
    </LocalizedNames>
    <Descriptions />
    <Version>1.0.0.70</Version>
    <Managed>0</Managed>
    <Publisher>
      <UniqueName>DefaultPublisherdurhamvisitormanagement</UniqueName>
      <LocalizedNames>
        <LocalizedName description="Default Publisher for durhamvisitormanagement" languagecode="1033" />
      </LocalizedNames>
      <Descriptions>
        <Description description="Default publisher for this organization" languagecode="1033" />
      </Descriptions>
      <EMailAddress xsi:nil="true"></EMailAddress>
      <SupportingWebsiteUrl xsi:nil="true"></SupportingWebsiteUrl>
      <CustomizationPrefix>new</CustomizationPrefix>
      <CustomizationOptionValuePrefix>10000</CustomizationOptionValuePrefix>
      <Addresses>
        <Address>
          <AddressNumber>1</AddressNumber>
          <AddressTypeCode xsi:nil="true"></AddressTypeCode>
          <City xsi:nil="true"></City>
          <County xsi:nil="true"></County>
          <Country xsi:nil="true"></Country>
          <Fax xsi:nil="true"></Fax>
          <FreightTermsCode xsi:nil="true"></FreightTermsCode>
          <ImportSequenceNumber xsi:nil="true"></ImportSequenceNumber>
          <Latitude xsi:nil="true"></Latitude>
          <Line1 xsi:nil="true"></Line1>
          <Line2 xsi:nil="true"></Line2>
          <Line3 xsi:nil="true"></Line3>
          <Longitude xsi:nil="true"></Longitude>
          <Name xsi:nil="true"></Name>
          <PostalCode xsi:nil="true"></PostalCode>
          <PostOfficeBox xsi:nil="true"></PostOfficeBox>
          <PrimaryContactName xsi:nil="true"></PrimaryContactName>
          <ShippingMethodCode xsi:nil="true"></ShippingMethodCode>
          <StateOrProvince xsi:nil="true"></StateOrProvince>
          <Telephone1 xsi:nil="true"></Telephone1>
          <Telephone2 xsi:nil="true"></Telephone2>
          <Telephone3 xsi:nil="true"></Telephone3>
          <TimeZoneRuleVersionNumber xsi:nil="true"></TimeZoneRuleVersionNumber>
          <UPSZone xsi:nil="true"></UPSZone>
          <UTCOffset xsi:nil="true"></UTCOffset>
          <UTCConversionTimeZoneCode xsi:nil="true"></UTCConversionTimeZoneCode>
        </Address>
        <Address>
          <AddressNumber>2</AddressNumber>
          <AddressTypeCode xsi:nil="true"></AddressTypeCode>
          <City xsi:nil="true"></City>
          <County xsi:nil="true"></County>
          <Country xsi:nil="true"></Country>
          <Fax xsi:nil="true"></Fax>
          <FreightTermsCode xsi:nil="true"></FreightTermsCode>
          <ImportSequenceNumber xsi:nil="true"></ImportSequenceNumber>
          <Latitude xsi:nil="true"></Latitude>
          <Line1 xsi:nil="true"></Line1>
          <Line2 xsi:nil="true"></Line2>
          <Line3 xsi:nil="true"></Line3>
          <Longitude xsi:nil="true"></Longitude>
          <Name xsi:nil="true"></Name>
          <PostalCode xsi:nil="true"></PostalCode>
          <PostOfficeBox xsi:nil="true"></PostOfficeBox>
          <PrimaryContactName xsi:nil="true"></PrimaryContactName>
          <ShippingMethodCode xsi:nil="true"></ShippingMethodCode>
          <StateOrProvince xsi:nil="true"></StateOrProvince>
          <Telephone1 xsi:nil="true"></Telephone1>
          <Telephone2 xsi:nil="true"></Telephone2>
          <Telephone3 xsi:nil="true"></Telephone3>
          <TimeZoneRuleVersionNumber xsi:nil="true"></TimeZoneRuleVersionNumber>
          <UPSZone xsi:nil="true"></UPSZone>
          <UTCOffset xsi:nil="true"></UTCOffset>
          <UTCConversionTimeZoneCode xsi:nil="true"></UTCConversionTimeZoneCode>
        </Address>
      </Addresses>
    </Publisher>
    <RootComponents>
      <RootComponent type="300" schemaName="new_visitormanagementadmin_06564" behavior="0" />
      <RootComponent type="300" schemaName="new_visitormanagementsystem_e9e28" behavior="0" />
    </RootComponents>
    <MissingDependencies>
      <MissingDependency>
        <Required type="1" schemaName="new_visitorlog" displayName="VM Visitors" solution="Active" />
        <Dependent type="300" schemaName="new_visitormanagementadmin_06564" displayName="Visitor Management Admin" />
      </MissingDependency>
      <MissingDependency>
        <Required type="1" schemaName="new_visitorlog" displayName="VM Visitors" solution="Active" />
        <Dependent type="300" schemaName="new_visitormanagementsystem_e9e28" displayName="Visitor Management System" />
      </MissingDependency>
      <MissingDependency>
        <Required type="1" schemaName="new_vmadmin" displayName="VM Admin" solution="Active" />
        <Dependent type="300" schemaName="new_visitormanagementadmin_06564" displayName="Visitor Management Admin" />
      </MissingDependency>
      <MissingDependency>
        <Required type="1" schemaName="new_vmbooking" displayName="VM Booking" solution="Active" />
        <Dependent type="300" schemaName="new_visitormanagementadmin_06564" displayName="Visitor Management Admin" />
      </MissingDependency>
      <MissingDependency>
        <Required type="1" schemaName="new_vmbooking" displayName="VM Booking" solution="Active" />
        <Dependent type="300" schemaName="new_visitormanagementsystem_e9e28" displayName="Visitor Management System" />
      </MissingDependency>
      <MissingDependency>
        <Required type="1" schemaName="new_vmcustomer" displayName="VM Customer" solution="Active" />
        <Dependent type="300" schemaName="new_visitormanagementadmin_06564" displayName="Visitor Management Admin" />
      </MissingDependency>
      <MissingDependency>
        <Required type="1" schemaName="new_vmcustomer" displayName="VM Customer" solution="Active" />
        <Dependent type="300" schemaName="new_visitormanagementsystem_e9e28" displayName="Visitor Management System" />
      </MissingDependency>
      <MissingDependency>
        <Required type="1" schemaName="new_vmlocation" displayName="VM Location" solution="Active" />
        <Dependent type="300" schemaName="new_visitormanagementadmin_06564" displayName="Visitor Management Admin" />
      </MissingDependency>
      <MissingDependency>
        <Required type="1" schemaName="new_vmlocation" displayName="VM Location" solution="Active" />
        <Dependent type="300" schemaName="new_visitormanagementsystem_e9e28" displayName="Visitor Management System" />
      </MissingDependency>
      <MissingDependency>
        <Required type="1" schemaName="new_vmpurpose" displayName="VM Purpose" solution="Active" />
        <Dependent type="300" schemaName="new_visitormanagementadmin_06564" displayName="Visitor Management Admin" />
      </MissingDependency>
      <MissingDependency>
        <Required type="1" schemaName="new_vmpurpose" displayName="VM Purpose" solution="Active" />
        <Dependent type="300" schemaName="new_visitormanagementsystem_e9e28" displayName="Visitor Management System" />
      </MissingDependency>
      <MissingDependency>
        <Required type="1" schemaName="new_vmstaff" displayName="VM Staff" solution="Active" />
        <Dependent type="300" schemaName="new_visitormanagementadmin_06564" displayName="Visitor Management Admin" />
      </MissingDependency>
      <MissingDependency>
        <Required type="1" schemaName="new_vmstaff" displayName="VM Staff" solution="Active" />
        <Dependent type="300" schemaName="new_visitormanagementsystem_e9e28" displayName="Visitor Management System" />
      </MissingDependency>
      <MissingDependency>
        <Required type="1" schemaName="new_vmstafflocation" displayName="VM Staff Location" solution="Active" />
        <Dependent type="300" schemaName="new_visitormanagementadmin_06564" displayName="Visitor Management Admin" />
      </MissingDependency>
      <MissingDependency>
        <Required type="1" schemaName="new_vmuser" displayName="VM User" solution="Active" />
        <Dependent type="300" schemaName="new_visitormanagementadmin_06564" displayName="Visitor Management Admin" />
      </MissingDependency>
      <MissingDependency>
        <Required type="1" schemaName="new_vmuser" displayName="VM User" solution="Active" />
        <Dependent type="300" schemaName="new_visitormanagementsystem_e9e28" displayName="Visitor Management System" />
      </MissingDependency>
      <MissingDependency>
        <Required type="29" displayName="Evacuation Report Email" solution="Active" id="{2bacfd0d-7203-ee11-8f6e-00224841f05b}" />
        <Dependent type="300" schemaName="new_visitormanagementsystem_e9e28" displayName="Visitor Management System" />
      </MissingDependency>
      <MissingDependency>
        <Required type="29" displayName="New Sign In Email" solution="Active" id="{34dca2a9-414f-ef11-a317-000d3ad6433f}" />
        <Dependent type="300" schemaName="new_visitormanagementadmin_06564" displayName="Visitor Management Admin" />
      </MissingDependency>
      <MissingDependency>
        <Required type="29" displayName="New Sign In Email" solution="Active" id="{34dca2a9-414f-ef11-a317-000d3ad6433f}" />
        <Dependent type="300" schemaName="new_visitormanagementsystem_e9e28" displayName="Visitor Management System" />
      </MissingDependency>
      <MissingDependency>
        <Required type="29" displayName="Extra Assistance Sign In Email" solution="Active" id="{3595d19a-7203-ee11-8f6e-00224841f05b}" />
        <Dependent type="300" schemaName="new_visitormanagementadmin_06564" displayName="Visitor Management Admin" />
      </MissingDependency>
      <MissingDependency>
        <Required type="29" displayName="Extra Assistance Sign In Email" solution="Active" id="{3595d19a-7203-ee11-8f6e-00224841f05b}" />
        <Dependent type="300" schemaName="new_visitormanagementsystem_e9e28" displayName="Visitor Management System" />
      </MissingDependency>
      <MissingDependency>
        <Required type="29" displayName="Print Visitor Card" solution="Active" id="{3c4990e5-3c42-ec11-8c62-000d3ad68e38}" />
        <Dependent type="300" schemaName="new_visitormanagementsystem_e9e28" displayName="Visitor Management System" />
      </MissingDependency>
      <MissingDependency>
        <Required type="29" displayName="Booking Deletion Email" solution="Active" id="{d5f8301f-7003-ee11-8f6d-00224841f90d}" />
        <Dependent type="300" schemaName="new_visitormanagementadmin_06564" displayName="Visitor Management Admin" />
      </MissingDependency>
      <MissingDependency>
        <Required type="29" displayName="Extra Assistance Sign Out Email" solution="Active" id="{f5a62a30-7303-ee11-8f6e-00224841f05b}" />
        <Dependent type="300" schemaName="new_visitormanagementsystem_e9e28" displayName="Visitor Management System" />
      </MissingDependency>
      <MissingDependency>
        <Required type="29" displayName="Print Visitor Card - New" solution="Active" id="{f78fbb7c-9a28-ef11-840b-7c1e52037d37}" />
        <Dependent type="300" schemaName="new_visitormanagementadmin_06564" displayName="Visitor Management Admin" />
      </MissingDependency>
      <MissingDependency>
        <Required type="29" displayName="Print Visitor Card - New" solution="Active" id="{f78fbb7c-9a28-ef11-840b-7c1e52037d37}" />
        <Dependent type="300" schemaName="new_visitormanagementsystem_e9e28" displayName="Visitor Management System" />
      </MissingDependency>
      <MissingDependency>
        <Required type="29" displayName="Print Staff QR Card" solution="Active" id="{fb9e2059-c1ff-ed11-8f6d-00224841f05b}" />
        <Dependent type="300" schemaName="new_visitormanagementadmin_06564" displayName="Visitor Management Admin" />
      </MissingDependency>
    </MissingDependencies>
  </SolutionManifest>
</ImportExportXml>