<environmentvariabledefinition schemaname="new_PrintNodeAPIKey">
  <description default="Visitor Management System uses this key to send the Visitor Passes to the printer">
    <label description="Visitor Management System uses this key to send the Visitor Passes to the printer" languagecode="1033" />
  </description>
  <displayname default="PrintNode API Key">
    <label description="PrintNode API Key" languagecode="1033" />
  </displayname>
  <introducedversion>1.0.0.0</introducedversion>
  <iscustomizable>1</iscustomizable>
  <isrequired>0</isrequired>
  <secretstore>0</secretstore>
  <type>100000000</type>
</environmentvariabledefinition>