{"__Version":"0.1","App":"e3e2645f-7307-42ce-8067-b93ff0fedccc","Test_7F478737223C4B69":"36b23347-6dab-499b-918c-5ab2fc8ea2e3","Host":"94e56092-8ef3-4bfc-adda-715adb85facf","Welcome Screen":"a900c7fa-51d5-4181-9f4b-6b3ea45aae3b","rctBackgroundBorderWelcome":"0b086274-4671-484d-99b4-023bc6efafd8","lblHeaderWelcomeScreen":"b2bcd585-7d50-4852-ad45-22011db194c2","imgLeftHeaderWelcomeScreen":"11bf5e58-4d54-4a3c-8800-8ac3c3baaf08","imgCentreHeaderWelcomeScreen":"2c40d78e-932f-4aeb-a811-ebb7ae5226c4","imgRightHeaderWelcomeScreen":"0fb93384-563e-43d7-9c4f-a301f6b59a77","btnSendEvacuationEmailWelcomeScreen":"72b6a75f-eb9a-47d1-8066-5e4e57a49669","lblColourPaletteWelcomeScreen":"6ea77578-a54c-4e11-afd8-e99c451a1447","rctLargeBackgroundGetLocation":"81106259-13cc-49f2-94c4-be7d77258b46","lblWelcomeTextWelcome":"4affebf3-4c23-4670-9113-27a6b0029338","tmrRefreshBookingsVisitorLogTables":"d1f32789-492b-4c42-93a5-604ece50db7e","bcsStaffSignInWelcome":"083d9bbd-0516-49fa-ba32-4ce89428acb6","btnStaffSignInWelcome":"248d261e-338d-4fce-802e-a9c0f582fcb9","rctSmallBackgroundGetLocation":"b2e9be1e-a644-49bf-962f-8e915a11182b","lblGetLocation":"7aef1aa0-f662-4130-8827-d5f1da0e085a","btnSignOutWelcome":"6d480805-dc32-4b2f-b301-fa6c1455c10d","lblSelectBuidingTextGetLocation":"b0aea549-d6e9-4196-b40b-b47bffe4b7ff","cboLocationsGetLocation":"d9d92bbd-b47c-473a-873a-b368fd2e756a","btnExitGetLocation":"7f6f875d-f757-4ccb-a5f6-c876364d4557","btnVisitorSignInWelcome":"6681bead-65fb-4353-b29f-19d12ad6782e","grpGetLocationWelcome":"e8e219f4-5e31-4394-8bd3-de187b7bc64d","Fire Escapes":"19cf4894-dcad-4c61-b158-ed8e6fa635c0","rctBackgroundBorderFireEscapes":"976096b9-144a-43e6-b2e1-8ab192722954","imgLeftHeaderFireEscapes":"7ba53eae-526f-4d4e-bb48-50388a930f5c","lblHeaderFireEscapes":"10917812-f83d-4354-81b6-04a964ef8d09","imgCentreHeaderFireEscapes":"c7bcd7fd-5c87-45c4-8fc4-9ea8c0d0eed4","icnReturnToWelcomeFireEscapes":"dae57e08-6f33-4f18-ba26-495d3a0e284f","imgRightHeaderFireEscapes":"7fc7e200-913a-4b17-926f-78795ab0b4f3","lblHealthAndSafetyTextFireEscapes":"5fe0d177-0198-4335-b78a-16055904dea7","lblBackgroundFireEscapesImageFireEscapes":"081f749e-cf05-4d22-824f-84fc85f7663b","imgFireEscapeDiagram":"6c754f3d-94af-4238-89a5-0672978e7d9c","lblHealthAndSafetyStatement":"c53c6ba6-7c81-4d46-82bc-0523e1a67c5d","lblLabelAssistanceQuestionFireEscapes":"65e509a0-2829-4b14-ae49-80e987a170c7","lblReadHealthAndSafetyStatement":"80d62910-7893-462d-a3c3-04026214447a","ChkAssistanceFireEscapes":"0a16abb8-5331-4511-a166-e0dec18797e3","btnNextScreenFireEscapes":"6b2e4933-d913-4586-9657-22baa2abc0b6","ChkReadHealthAndSafetyText":"4bd2f7f8-9dc3-49f1-a69c-b7175bc06b58","Sign In Screen":"b7337199-7491-4e0c-a161-86d742f812ec","rctBackgroundBorderSignInScreen":"abbdb2fe-07cd-45b4-8b12-7b9bb64307c9","imgLeftHeaderSignInScreen":"eaaa9853-c1e0-4f09-990f-7e6628289a00","lblHeaderSignInScreen":"3850ea81-938a-4032-9dce-cfe4284307a7","imgCentreHeaderSignInScreen":"339c1344-6ec6-4943-90fc-4087d9bf940e","icnReturnToWelcomeSignInScreen":"a0013c96-f471-4f12-8da0-d9c313e3e49f","imgRightHeaderSignInScreen":"0aa2c8bb-8a12-4d55-8a62-32b72ffaf953","lblAssistanceTextSignInScreen":"e87e0c2d-e04c-4533-9a5e-2965b3ca71c2","lblTakeVisitorPhotographSignInScreen":"0d021056-fb28-4307-ace4-94e7b578eb9c","lblFirstNameSignInScreen":"2c4a5326-b180-4863-a638-230f9b7dc95f","txtFirstNameSignInScreen":"f57f469f-23a6-4b7b-aab3-6aaaef4d3afa","btnNextScreenSignInScreen":"241112a0-8e1c-4336-bf7f-77a5a616857c","lblLastNameSignInScreen":"89e69295-48a7-46c8-8c24-0f82184a51f7","txtLastNameSignInScreen":"ae840931-e6bd-4a39-ab4e-8bc5b2b38597","lblVehicleRegSignInScreen":"e1041bcd-e110-42f5-a44d-7baf4a043586","txtVehicleRegSignInScreen":"78a37e29-7442-4587-8be4-2b2dff7556a2","Search Appointments Screen":"ec5cd618-b130-47fb-b618-c8a968259c9d","rctBackgroundBorderSearchAppointments":"c9ad9e03-f0b0-4fa6-91f6-b15aa69477fe","imgLeftHeaderSearchAppointments":"8f318ba7-1cb3-4f84-9308-9a99a1f466b0","lblHeaderSearchAppointments":"96c728e4-c29d-427b-bc51-1ca9b57c4467","imgCentreHeaderSearchAppointments":"7eed81a0-449a-4964-b0b7-c4c38a48aaf5","icnReturnToWelcomeSearchAppointments":"038c0d9e-3bd2-4b5e-b8fc-66604eddd838","imgRightHeaderSearchAppointments":"d1e843cc-62df-4306-a717-9f6e75f095d6","frmVisitorLogSearchAppointments":"8a9ac5c2-7809-4b24-ba27-ec59c93ea8ac","First Name_DataCard2":"c0f42400-a5a0-4235-9438-b4db6db00d78","StarVisible6":"45cfb62b-d5a4-416d-a0e7-edeeec118f89","DataCardKey7":"2979146b-624c-4660-b1a2-48ba45a6ecda","DataCardValue5":"84411d56-8b47-478f-a520-6e92d6dbd8b6","ErrorMessage6":"d309192d-1334-4791-81ca-3334a04ed074","Second Name_DataCard2":"4b51416e-9c05-4d16-937f-c45dfc7df2c2","StarVisible7":"ae7efad7-692d-4399-9dec-37fdadc33890","DataCardKey8":"587d5c5b-5c05-4519-95b6-d0123d16319e","DataCardValue6":"aa2995cf-d83e-4573-bf08-b24fa5984193","ErrorMessage7":"cec5097b-396e-43b9-8703-b1a883072e8c","Location Link_DataCard2":"25564032-f790-4207-8026-95154fcf0eeb","StarVisible8":"2cb8d18b-0cab-4624-a851-02de9b281d05","DataCardKey9":"d3cf1abb-250a-40f9-b7f3-fb7dff961d53","DataCardValue7":"d47a4b5a-1be9-492d-b56c-44b623b3c32d","ErrorMessage8":"0e13ada7-0f0c-41ef-9c48-b4d9361a1764","Purpose Link_DataCard1":"2efcf118-f3d1-4662-b7a9-6906698b463e","StarVisible11":"3a34b8da-442f-4f49-868e-09ebe3186a8d","DataCardKey13":"d3b6e296-f8cd-41f7-bbc8-bd064493cf7c","DataCardValue9":"fc6329a7-f1df-4563-a63a-b0862c60d012","ErrorMessage11":"d23ccf09-1602-440a-9ed7-0998704457aa","Sign In Time_DataCard2":"50ea6682-776b-4e1d-8e29-69546604b36a","StarVisible9":"c052499e-3166-4280-a01b-c268e913f50d","DataCardKey10":"ecfadaff-6834-48f9-920b-b73c7ba81923","DateValue3":"00db9227-5d79-475e-afcc-6faf24903b50","HourValue3":"d382c17a-a062-4207-b626-95701248da92","Separator3":"f065cdfc-fc89-48c4-9e3d-bbe353b982b5","MinuteValue3":"fb9f4961-f285-470d-bcc6-92fd93399307","ErrorMessage9":"d4abbf21-e67c-43de-9ac8-2537178787ed","Barcode_DataCard1":"06a61ee8-8bd9-4f32-b210-1469a33ded30","StarVisible13":"7fb9fdf1-3547-4d97-a280-30a6b3e8d8a4","DataCardKey12":"67afaf87-d18b-4282-9820-6ec020b8ef14","DataCardValue8":"87de923e-4efa-44c1-9592-9248e006385f","ErrorMessage13":"f4701020-0114-495f-968b-e797f28bbbce","Visitor Pass_DataCard1":"3d7d8092-80f3-4ec8-b223-d329a2f357e8","StarVisible12":"1870b7de-a75e-4ab1-b824-54aa4954d52a","DataCardKey14":"9a098130-c3a8-48bf-9ac3-9f8584ebef1e","DataCardValue10":"12f2076c-22e7-4f7c-88c9-f3192c4d4c6d","ErrorMessage12":"6b76a092-041e-42e0-93de-f65d6f8e1a2a","Visitor Photograph_DataCard1":"f1124e24-5ad5-45bb-97c8-c673ce7d1005","StarVisible10":"d717a764-4071-4a0f-96a2-abdab7f708a6","DataCardKey11":"cdc10341-34da-470a-8d57-248019795c06","Image1":"64b100c8-9028-41f3-95e6-e6a9b6967244","AddPicture1":"b9ed00f3-7f1d-4d4e-ba0a-2ecfe6356213","ErrorMessage10":"3361d8c2-9869-42f4-b3bd-cb111e0c9c4c","Extra Assistance_DataCard1":"673ce771-1851-4681-af19-9363450cf38c","StarVisible14":"410cfe55-98eb-4bef-be51-3e7522395dd5","DataCardKey6":"b52fe5ff-be15-45bb-8083-814dcf7af21f","DataCardValue4":"d896597d-2621-459e-9c2d-94e04e7bfb2f","ErrorMessage14":"37995569-9c57-42f2-8c71-cd0f97450869","Purpose Free Text_DataCard1":"94af01ef-f35b-4223-8ec9-d5be23d3995c","StarVisible17":"6ddc41a0-d051-4dcb-9745-d1762e1b4286","DataCardKey18":"28817bee-006e-4a55-912c-b3e247ae1768","DataCardValue14":"443371ee-1db6-4514-890a-efb1605cd459","ErrorMessage17":"9ed6ccbf-7920-4553-8556-d6a0afb3d742","Vehicle Reg_DataCard1":"ee4913ee-5f5d-441f-80e8-7f93c6fcfc87","StarVisible22":"5430fab6-0c57-4d96-8d7a-936068a1e56c","DataCardKey23":"9896d04c-b3bf-49e9-8a9e-4f462b02b128","DataCardValue19":"c204f1dd-6e95-4313-af14-7beb77646081","ErrorMessage22":"861d8d6b-307e-4f1d-9fc2-305a25962401","Company Name_DataCard1":"4ed3eb6e-d9eb-43aa-9188-8d0240615308","StarVisible19":"35837a32-cba1-410a-9288-bf96ac3fa57e","DataCardKey20":"63f83b56-eced-455d-80db-8bb18b89e86e","DataCardValue16":"e0a8f578-5aab-4b90-ac3c-e2dddf0b8170","ErrorMessage19":"08409cb5-e778-48e6-9e22-e5bff063b16f","Email Address_DataCard1":"8cdad759-c6cc-4580-a9d3-1dd841ddae05","StarVisible20":"49aa8cfd-08ea-4eda-9793-35e8d225c99c","DataCardKey21":"c523ff5a-dcd2-453e-a3f3-db8feace7cc1","DataCardValue17":"752308c3-a67d-4b84-a219-9b59748994b0","ErrorMessage20":"d004794a-cb25-4178-a5f2-af8653f12760","Who To See_DataCard1":"aef2f0c1-6c13-4963-b9d8-280a54e28244","StarVisible21":"ffe3ec97-2534-4b37-8de4-d7d00af732d0","DataCardKey22":"e4db5b33-fe8f-4153-88cb-cfde81067d94","DataCardValue18":"f84e3ce4-82bb-4780-b03a-b37a0837c101","ErrorMessage21":"f6cec9c1-0b33-4254-83d0-384cc186a2f5","rectNoticeBkgd":"1149e6b5-398f-47dd-bff6-8cc5389ba71d","timNotice":"23d1db5a-5d8b-4ced-9f34-3c184d208355","Label2_1":"befc862a-2c26-4857-a085-1118540b9e04","lblPrebooked":"ff1ffcb5-d197-455c-937b-3b12f5777c1e","Label2":"9cf2cf16-3278-44ff-b27f-d9885dec93f1","htmlNoPhotoVisitorPass":"64b112ab-d22e-4d91-b978-f61bbd77960e","Label5":"862ae92f-6420-443f-9118-95cc46455ccc","htmlVisitorPass":"27e23ad7-54a5-4b13-a831-38ac548d2fa5","lblColumnHeadingFirstName":"7a690e3a-e12e-4bd9-919e-6d9971e6988b","lblColumnHeadingLastName":"e3e05e9c-3127-4cb3-88aa-b2f515c99ce2","lblColumnHeadingBookingDate":"a15fe9ea-f216-46e0-b037-12570837d801","lblColumnHeadingPurposeOfVisit":"14a8ee3e-ede0-4fdf-9081-b6834e7298cd","lblColumnHeadingPrintButton":"9d0f2d8f-06e5-4ac1-8e22-49816c51e94d","rectNotice":"03ba2f34-c583-44f6-a757-ee702a97c22a","lblReception":"88de7d64-be03-4d7c-896e-2118b0d47bc1","galMeetingSearchAppointments":"839f4619-eb31-4849-98d2-b6233ec2da89","galleryTemplate1":"848006ee-931b-4eb7-b935-238a33c78251","lblFirstName":"d113641e-d00f-4ee6-9ead-549bfbdbc415","lblLastName":"ef8b1979-340f-4fd4-ad75-bdfb94aaa4d7","lblBookedDate":"a4b6ab61-3ba8-4adc-b357-5f9eae631edd","lblPurpose":"5c3d6982-6636-42eb-928b-3260061f7287","lblPurposeFreeText":"ae126c02-c3f4-44d9-a950-b5b2293d0a6b","btnPrintVisitorBadge":"e8c749e2-ef42-4dc1-8333-8ffcfbe3a974","Seperator":"9deb955f-d557-4d5b-a171-2969ae6684d2","Label4":"0c56f65a-f475-4324-9bf7-82999250060e","btnVisitorPass":"57bd3edb-e527-4589-98ce-73719a77b909","btnVisitorForm":"c8f8fec4-b527-47fa-ad46-686aa7e337cb","grpNoticeSearchAppointments":"70de29a3-b429-4e0f-ab20-e0a6aaad7885","Select Purpose Screen":"4bb3e962-e8ed-49c3-b1bf-6b91d95813d8","rctBackgroundBorderSelectPurposeScreen":"afaa00cc-8505-4470-a81a-604baef027c9","imgLeftHeaderSelectPurposeScreen":"006d8e3b-ab2f-401e-bcc9-bbc6bda46525","lblHeaderSelectPurposeScreen":"d216150d-5062-4525-a026-0539a5f4c6b0","imgCentreHeaderSelectPurposeScreen":"aca384fa-7a52-42f1-91a1-298518f04660","icnReturnToWelcomeSelectPurposeScreen":"ea828d5a-4881-4bcf-bef4-9e331c78b286","imgRightHeaderSelectPurposeScreen":"1f01429a-0b07-44c8-92d1-641b23c77e70","lblPurposeTextSelectPurposeScreen":"8db6d15d-3458-4b80-8e15-3c3cbd97d649","galPurposesSelectPurposeScreen":"21216ef2-8247-44ca-b9dc-1219671bff81","galleryTemplate2":"54336ec4-411c-49c7-af5a-dad7d419c240","lblPurposeOfVisitGalPurposes":"1a0d0be0-1b25-4852-be3d-0a9ea313dcfa","lblNotificationEmailGalPurposesHidden":"5311bd03-d2d2-4b29-ba81-6f4ea9dfc1a0","NextArrow2":"754c4a09-1137-4f55-99f0-bde79ed1cd4d","Separator5":"b47214dd-e13f-4897-9714-e6e78f0c0462","btnNextScreenSelectPurposeScreen":"a1330ed7-4824-4bd7-a23b-e793311d921b","inpTextPurposeSelectPurposeScreen":"0bf45e5d-f248-4bc0-9cc1-b1ffb0251580","Label9":"373b6c89-ce58-40c4-8b4c-d6b2f313cf7f","Sign Out Screen":"01c897b5-633f-4582-8d69-ea5228cc2c6c","rctBackgroundBorderSearchAppointments_1":"76a40944-a1b8-4673-a3fb-d7c4362c569f","lblHeaderSignOutScreen":"14413c9f-314b-4545-8c5a-842a2007abd9","imgLeftHeaderSignOutScreen":"f54f3f46-0033-4605-a105-14807c3e5541","imgCentreHeaderSignOutScreen":"c11761ba-0b45-474c-9a43-05bc4514090e","icnReturnToWelcomeSignOutScreen":"4cd15692-91c9-434d-b126-b81dc3699b3a","imgRightHeaderSignOutScreen":"7253d9a2-9f7b-4222-a632-45f73db268ed","rectBckdFarewellReminder":"30e40af1-9e0d-49ca-99ad-69eaa2e4c76b","timSignOut":"60b6ca1e-d2cd-434e-b67c-d6444990c60c","lblScanTextSignOutScreen":"2b1bbbbc-ad90-4be2-8d29-4d0cb28403c7","rectSignOutFarewellReminder":"981416b6-8902-41b3-9c26-615fd1fdea4d","lblFarewellReminder":"5576df01-5003-42da-9303-88ea51026e70","Gallery2":"c81c0977-f979-4bae-954b-49861784ac67","galleryTemplate4":"7e869fc1-6366-4446-a6bd-dbdb4641d5aa","Rectangle3":"3b044301-f6d9-4f5f-af04-b41aa50dd4f7","Title4":"75ec7b44-55e1-402c-abbb-a34c7035d799","NextArrow5":"d77aefa2-e8b0-4e1e-997c-8e7033b92b5b","Subtitle3":"ce9f0d1c-18aa-4acd-9b51-fe1548aeacc8","Body1":"25b56f42-9799-4f14-b89a-3ce9dcbf0b34","Separator8":"466c908e-1af7-44c8-a885-464bd1442f95","lblLabelToggleSignOutScreen":"1a967f04-ea32-4666-b4f8-bd0b1014c4db","Label6":"87023634-d71c-4466-9113-98ac039e1a3e","tglManualInputSignOutScreen":"b8cf29c7-26d8-4a3b-a983-3ad27386cc69","lblSearchSurnameGalManualSignOut":"2413a195-ebc8-4bac-9172-f7e1004ef4f6","txtSearchSurnameGalManualSignOut":"15ac2024-3ffb-4927-a0bd-38456b1e4153","Label6_1":"6faae9db-441c-4c18-a0aa-cb8978e4a9d1","BarcodeScannerSignOutScreenNotUsed":"f44ab828-a842-4acf-922c-b81bc6ef2b00","lblHdrNameGalManualSignOut":"37d58abb-9f2e-46a3-b0a7-91eea3518491","lblHdrSignInTimeGalManualSignOut":"0327fa90-5e40-4a3b-a8f9-4971ab649145","lblHdrPurposeGalManualSignOut":"115c1130-c56e-4025-98e6-bf34c8da0c6a","lblHdrBarcodeGalManualSignOut":"c317a922-8b40-4a46-b66e-59aa3d9814ff","lblFillerGalManualSignOut":"f5d291a7-6cc6-4e3f-ba34-7cd5af00ebca","galManualSignOutSignOutScreen":"34dbb0bf-45a7-4b80-90e1-e3ac92692277","NextArrow4":"707a4a32-d9ce-421f-b280-6cf6d61c08f6","galleryTemplate5":"f85f1d85-6b84-4d78-ad0a-15ce53d5ab15","Rectangle2":"accc07df-9b6f-4026-bf28-10c417542749","Body2":"30df4e48-4a33-40ff-9a34-ab313dfc7393","Title3":"306c3201-9ca4-42a7-9d59-f5faea4cbac9","Subtitle2":"d52b6bce-4cf5-4790-9a16-d1da8b37c766","Label8":"e2ab581c-6c98-4432-b2c1-c24a996350ff","Button1":"c4a4f391-c3ec-4b52-9ddc-4f51acf356c7","Separator7":"3945ec97-441a-422b-9e02-2f2675bcfebc","BarcodeReaderSignOutScreen":"03f844ca-d482-4f88-ad9b-072f5f58eeab","frmSignOutSignOutScreen":"326bbbcd-ee60-4e85-8adf-2ec707144bc5","First Name_DataCard1":"4c9410c7-f1e2-4084-b8a5-5f72d02e7e59","StarVisible1":"74b224e4-272f-4648-8be5-24473150b84c","DataCardKey1":"c43b0f53-cdab-4829-a980-a8e95ab2412d","DataCardValue1":"aada3284-1170-418b-b65c-e0b4a2a6f1c3","ErrorMessage1":"97215eb9-fc4a-407c-a144-fd8656c31f79","Second Name_DataCard1":"06f4a634-bd25-4340-b4d5-98f3b83a20ee","StarVisible2":"f89b0322-867d-4b64-9b69-201633bc0b75","DataCardKey2":"6d55d451-8960-43c4-b7e3-674d1e3df1d3","DataCardValue2":"16f7827d-76cc-499c-9555-4a8bfa0f6d81","ErrorMessage2":"e4c9fba7-e734-4f5f-a714-dcdb83b94a7a","Location Link_DataCard1":"9fa3ac59-6fb1-4b13-a5c2-76ea50ebe4db","StarVisible3":"d1624fe7-c98c-4ad6-8ed4-bc557772af91","DataCardKey3":"18928ce6-363a-433c-87ef-af01ba7048e7","DataCardValue3":"e15a28f9-0d48-4c10-b50c-ee4df6da8bae","ErrorMessage3":"e6a121f5-c471-4c8c-89ae-99d7fcac0139","Sign In Time_DataCard1":"c15fe3af-fab4-46ac-9d1d-8b24eb413fb6","StarVisible4":"0476c970-e813-4914-9683-2ba6260841f1","DataCardKey4":"4b5d2954-a4d8-408b-b61c-28a0b8e2e941","DateValue1":"2fbd78f6-153b-4d2c-a3ac-3b8cbce8f4e4","HourValue1":"252b0859-ec61-4adb-b0b5-4a0f87c605ab","Separator1":"c1dcca5b-12b3-48d2-b5a2-f91b96558f73","MinuteValue1":"0f92a20e-a634-490d-bc1f-83deaa7dbe4a","ErrorMessage4":"1eb6795f-2085-42f2-9755-63fcff3c795a","Sign Out Time_DataCard1":"0171483b-d649-4c36-8ba3-fec62ae6fb29","StarVisible5":"0391f1cb-96f4-43e2-b6e0-744265496ae0","DataCardKey5":"11a81310-56f4-43cc-85de-936967d51caa","DateValue2":"31b4d313-c3ba-44c3-aab8-89b4e4e90ee8","HourValue2":"2bb58a6a-8616-4d43-8ffe-3f7c281962fd","Separator2":"f0bff320-7357-468c-a0f6-6706ee3f7eb4","MinuteValue2":"a3edccc8-39ae-403e-aa44-c545df07bae7","ErrorMessage5":"ddaec92c-87a8-40e4-bb94-479031bfe55f","Extra Assistance Description_DataCard1":"da394e78-27d9-401e-b146-103badbaf567","DataCardKey16":"f02829ee-c7ce-409f-be39-de23bb3d744e","DataCardValue12":"cfbb0b3a-bdd0-4d87-8561-b9d31c1fb56c","Extra Assistance_DataCard3":"5e0bebe1-fd24-430c-94f9-a720950f74d3","StarVisible16":"4359fc99-3cfc-4d44-a844-f9c43b591e3e","DataCardKey17":"5c6b673a-c912-4d36-a560-de723b6128e2","DataCardValue13":"ecedff4a-d07b-44a3-84ce-2df9d494972c","ErrorMessage16":"04f844d7-d8c1-452b-891f-37603df016b5","grpFarewellReminderSignOutScreen":"2ab775f1-d571-4cd0-849a-0ae78f6f2ddf","Sign In Photo Screen":"c330fb5b-52b0-4ef2-b075-2a44a215ec27","rctBackgroundBorderSignInScreenPhoto":"64a6450c-2146-4ebf-a04b-6bbca6ab2b0d","imgLeftHeaderSignInPhotoScreen":"1080b108-4a7c-4788-b9a7-6c9d6b163b4c","lblHeaderSignInPhotoScreen":"94b59313-208d-4cdb-8b0b-ecd46b87bd76","imgCentreHeaderSignInPhotoScreen":"3168b82d-1ea6-4fb1-8b9f-602e51750d66","icnReturnToWelcomeSignInPhotoScreen":"67f45cc1-f200-4a93-9ba4-3ac3d3cc1c5d","imgRightHeaderSignInPhotoScreen":"4d4c7a7f-f2cb-4657-9c9e-ef8b44d13f8d","lblPhotoTextSignInPhotoScreen":"ceb52867-b463-49ae-af4a-ae4bd05d6327","lblIsPhotoToBeTakenSignInPhoto":"cd5c1761-1931-4988-9f4a-0020fd602470","lblCameraTitleSignInPhoto":"cf9277fb-106b-4971-b410-8137bfaae5e9","lblPhotoTitleSignInPhoto":"de0178c4-a196-4ec1-8b3f-7aec5215859e","lblNumberOfCameras":"eb9d77fb-2f58-4043-bce3-3c8da447c76c","camTakePhotographSignInPhoto":"59cb44d2-5a3a-4e82-857c-a7f3e0657b4e","imgVisitorPhotoTakenSignInPhoto":"2e77d7ce-cc37-405b-bb17-440ed5080237","lblGblCamera":"4739873d-6bb4-4018-bb4e-8593ec79afac","btnNextScreenSignInPhotoScreen":"95fe6dc2-5642-4d4e-bb55-8bfb37417c06","Gallery1":"64299d44-0d6c-4aab-8ab7-e8711ed88c98","NextArrow3":"c28e05df-661e-44bf-88d9-58c7582e3a27","galleryTemplate3":"dd2c6a17-3fe5-4bb4-a097-dd8f7399704e","Title2":"4b24470f-27da-4da8-b094-96d5d4b5a6cf","Label1":"eff46975-18c9-47da-82a5-b33f8d5fd3a2","Separator6":"722953a0-3c55-41ce-b204-ef1b711f2f1a","grpVisitorPhotographSignInPhotoScreen":"b53d8f36-0f05-4e5a-b8df-2168dba08b2f","Staff Sign In Screen":"6fcf6e7a-7227-4249-803a-b035d6c62efd","rctBackgroundBorderStaffSignInScreen":"5f4e3b31-90ab-41bd-aa1f-6c514619ab6f","imgLeftHeaderStaffSignInScreen":"8dbe1424-d4eb-41bc-ae68-59d4718ce46a","lblHeaderStaffSignInScreen":"4f23409c-99e9-4f49-8f0b-5b9109bd9ce0","imgCentreHeaderStaffSignInScreen":"9c2cd87a-6a44-4521-8101-1fa807abe9d3","icnReturnToWelcomeStaffSignInScreen":"499ed26a-54ca-447b-a6b6-46bd5023d520","imgRightHeaderStaffSignInScreen":"aa221ec4-8fd9-4f31-8fdb-d26d1613429e","lblScanTextStaffSignInScreen":"9e618228-7e69-4e03-950e-5a3c341e3365","Label7":"d7aa783f-a189-41a3-942c-7582b793f5d0","lblExtraAssistanceSignInScreen":"33ca40b4-6be1-4405-934c-d689aee1cfdc","Label7_1":"a5f79125-2f00-427c-bcfb-7d619fcb7bf4","BarcodeScannerSignOutScreenNotUsed_1":"2759e21a-d370-4a4f-b59c-c77251129b71","BarcodeReaderStaffSignInScreen":"e2afe544-6ca2-4268-8c51-5958749c95d2","frmVisitorLogStaffSignInScreen":"af0be2a5-5288-4429-a8db-9d3ce0f3c984","First Name_DataCard2_1":"2c84231c-4268-4749-9ac2-ab39d47b80fa","StarVisible6_1":"0e8531b9-23d5-4216-94cf-798558e94ead","DataCardKey7_1":"8edee689-91a6-4c84-93b3-1937a3519d8a","DataCardValue5_1":"93f92047-76d6-4eaa-a856-92ed37cd085c","ErrorMessage6_1":"f1c62453-9f9f-4448-a768-b9238358a04f","Second Name_DataCard2_1":"befe5009-076d-4b0b-b3d2-4ef02bc6bdf8","StarVisible7_1":"c193dea0-8ba3-4c69-a7f6-024a0da53afb","DataCardKey8_1":"17e3bb5c-ac66-47ef-80dd-669b3e025995","DataCardValue6_1":"e92138f9-974e-4540-8eb3-4ea98035035c","ErrorMessage7_1":"1e54bca8-93f4-4d00-bbcf-ee10c5429151","Location Link_DataCard2_1":"c2427143-e138-4b2b-b688-5ada8433d2c9","StarVisible8_1":"507e3028-2fd0-4e1a-afb3-4a78715bed6f","DataCardKey9_1":"f9f22b33-7933-49a8-8af4-256f266664d1","DataCardValue7_1":"12ff8b97-4929-4f43-8b5f-ea6c1849a955","ErrorMessage8_1":"712eeea9-e032-408c-9ddf-2033ee22acaf","Sign In Time_DataCard2_1":"e8dc7f1a-b561-4b46-8566-9cbcc1e38f26","StarVisible9_1":"64171a31-8daa-4b9e-88a9-3bcd71a064c0","DataCardKey10_1":"563f2027-631d-4e54-bec2-b6f377366f7e","DateValue3_1":"39357267-3332-499c-8221-68681f031727","HourValue3_1":"103d2487-9bb2-41c2-9e5a-e07984f85188","Separator3_1":"65c94592-fa42-420f-8463-5623fc79625b","MinuteValue3_1":"e551aef2-6d42-4d18-b521-d0c738d6e5b1","ErrorMessage9_1":"65c39037-8c72-467a-b4d5-1254c6514ceb","Barcode_DataCard1_1":"fcc5b951-4e96-4eb4-b69c-60b5d07376f0","StarVisible13_1":"846146fd-6653-4126-ad0b-560981e3c7df","DataCardKey12_1":"ff01875e-d667-432f-9a52-9e9b3833d071","DataCardValue8_1":"cc827364-3e73-43cd-85d4-bc38a3811475","ErrorMessage13_1":"26cd0174-1f01-4123-ac6f-803346fa68e9","Extra Assistance_DataCard2":"9586cd97-830e-46a4-bf1f-67bd7c547ecf","StarVisible15":"132ab731-02b7-4097-a94d-5441828fa160","DataCardKey15":"0e9ed0a1-5d12-48d0-830a-2cb4587bfbf4","DataCardValue11":"db27774f-2046-4dbd-bd58-7b89631da31f","ErrorMessage15":"8496f091-4d15-4210-b829-419f4cd90e6d","Additional Questions Screen":"4c26129a-aa1f-4d00-8a19-f802b99226aa","rctBackgroundBorderAdditionalQuestionsScreen":"283282a4-4043-423f-9d2b-3660c4742570","imgLeftHeaderAdditionalQuestionsScreen":"67e11fbe-cd92-473c-9058-684be3e7f8d9","lblHeaderAdditionalQuestionsScreen":"b319c832-f564-4ea5-88a2-85aab4904fd0","imgCentreHeaderAdditionalQuestionsScreen":"1e84411d-74da-4901-85dd-607df9e0988f","icnReturnToWelcomeAdditionalQuestionsScreen":"8a018e74-e57b-4035-8041-eccc1620cbd3","imgRightHeaderAdditionalQuestionsScreen":"0319299a-4321-4d31-bcde-09ba0a20a462","lblAdditionalTextAdditionalQuestionsScreen":"f6e9ca0b-6e28-4599-a6db-93476a4eeb59","lblCompanyNameAdditionalQuestionsScreen":"a80c5e74-6881-478d-8c23-cc88ec1f5e14","txtCompanyNameAdditionalQuestionsScreen":"81b1babc-175b-47bf-938f-6d1db8c98211","btnNextScreenAdditionalQuestionsScreen":"3184fccf-91b6-4b8c-9b15-d40377bcfe8e","lblEmailAddressAdditionalQuestionsScreen":"ba81757a-cc8f-4cf6-be48-32c1f5f2fbd2","txtEmailAddressAdditionalQuestionsScreen":"a4a35bdc-2146-495e-8073-864220abba1a","lblWhoToSeeAdditionalQuestionsScreen":"b1ec3716-d342-443a-b84d-82ae14b9c358","txtWhoToSeeAdditionalQuestionsScreen":"fc8f9de8-abdb-4fa5-bc5d-d8559fc9df12","Currently Signed In Screen":"a4b68eaf-4152-43ca-900e-e53cf1f655a6","imgLeftHeaderCurrentlySignedInScreen":"8981fc7b-4d44-46fa-a151-2e1e8bb7bb0e","lblHeaderCurrentlySignedInScreen":"5fb8526b-73dc-4bcc-8af1-bd7f21a46ee9","imgCentreHeaderCurrentlySignedInScreen":"bffc7a4d-f328-47cd-acae-38c87fec8f60","icnReturnToWelcomeCurrentlySignedInScreen":"7d08c048-d5e4-43f5-9037-f3141ced97e3","imgRightHeaderCurrentlySignedInScreen":"4c855c54-3a1e-439f-af95-f7119b8d63b1","lblEvacuationPasswordCurrentlySignedInScreen":"f84eca26-df45-4d45-bfe6-5512893a4796","inpEvacuationPasswordCurrentlySignedInScreen":"cb4e113d-1373-46e7-acfc-284e9dbdd01e","lblHdrNameCurrentlySignedInScreen":"d131e1cc-29c1-4fc4-bfe4-053422a46472","lblHdrPurposeCurrentlySignedInScreen":"25bfb657-9d98-4315-a361-7c45a863dcdd","lblHdrSignInTimeCurrentlySignedInScreen":"b4b2b44a-2650-45c0-b7bf-aaa10b9cc1b4","lblHdrExtraCurrentlySignedInScreen":"324c5e44-0c29-422e-8b77-5cfd2d628e27","lblHdrLocationCurrentlySignedInScreen":"67b26846-d024-44d4-9582-45187a848017","galCurrentlySignedIn":"a348dce0-dad5-4889-8f72-3062db27052f","galleryTemplate6":"681d0955-2a14-4f43-b940-f6b7c0b9d889","rctGalCurrentlySignedIn":"eb7639c2-3778-4037-b288-77999d4f5084","lblLocationGalCurrentlySignedIn":"42c7af35-573f-4ab1-8845-6ca747587dc3","lblNameGalCurrentlySignedIn":"c7fe0ee3-8d79-4369-b967-87d5daf1f16e","lblPurposeGalCurrentlySignedIn":"49d51c39-09a4-4f34-a89e-8180549b352a","lblSignedInTimeGalCurrentlySignedIn":"84abca30-6008-4590-9084-5656aec4c107","lblExtraAssistanceGalCurrentlySignedIn":"34d02d57-d573-49b4-8c1a-465610bb0544","sepGalCurrentlySignedIn":"4c4f1c4c-0cc8-4c29-834e-ac4d97f9e406"}