<environmentvariabledefinition schemaname="new_VMSharepointSite">
  <apiid>/providers/microsoft.powerapps/apis/shared_sharepointonline</apiid>
  <defaultvalue>https://durhamcountycouncil.sharepoint.com/sites/AppsandF</defaultvalue>
  <displayname default="VM Sharepoint Site">
    <label description="VM Sharepoint Site" languagecode="1033" />
  </displayname>
  <introducedversion>1.0.0.3</introducedversion>
  <iscustomizable>1</iscustomizable>
  <isrequired>0</isrequired>
  <parameterkey>dataset</parameterkey>
  <secretstore>0</secretstore>
  <type>100000004</type>
</environmentvariabledefinition>