<ImportExportXml version="9.2.24082.178" SolutionPackageVersion="9.2" languagecode="1033" generatedBy="CrmLive" xmlns:xsi="http://www.w3.org/2001/XMLSchema-instance">
  <SolutionManifest>
    <UniqueName>VisitorManagementTables</UniqueName>
    <LocalizedNames>
      <LocalizedName description="Visitor Management Tables" languagecode="1033" />
    </LocalizedNames>
    <Descriptions />
    <Version>1.0.0.21</Version>
    <Managed>0</Managed>
    <Publisher>
      <UniqueName>DefaultPublisherdurhamvisitormanagement</UniqueName>
      <LocalizedNames>
        <LocalizedName description="Default Publisher for durhamvisitormanagement" languagecode="1033" />
      </LocalizedNames>
      <Descriptions>
        <Description description="Default publisher for this organization" languagecode="1033" />
      </Descriptions>
      <EMailAddress xsi:nil="true"></EMailAddress>
      <SupportingWebsiteUrl xsi:nil="true"></SupportingWebsiteUrl>
      <CustomizationPrefix>new</CustomizationPrefix>
      <CustomizationOptionValuePrefix>10000</CustomizationOptionValuePrefix>
      <Addresses>
        <Address>
          <AddressNumber>1</AddressNumber>
          <AddressTypeCode xsi:nil="true"></AddressTypeCode>
          <City xsi:nil="true"></City>
          <County xsi:nil="true"></County>
          <Country xsi:nil="true"></Country>
          <Fax xsi:nil="true"></Fax>
          <FreightTermsCode xsi:nil="true"></FreightTermsCode>
          <ImportSequenceNumber xsi:nil="true"></ImportSequenceNumber>
          <Latitude xsi:nil="true"></Latitude>
          <Line1 xsi:nil="true"></Line1>
          <Line2 xsi:nil="true"></Line2>
          <Line3 xsi:nil="true"></Line3>
          <Longitude xsi:nil="true"></Longitude>
          <Name xsi:nil="true"></Name>
          <PostalCode xsi:nil="true"></PostalCode>
          <PostOfficeBox xsi:nil="true"></PostOfficeBox>
          <PrimaryContactName xsi:nil="true"></PrimaryContactName>
          <ShippingMethodCode xsi:nil="true"></ShippingMethodCode>
          <StateOrProvince xsi:nil="true"></StateOrProvince>
          <Telephone1 xsi:nil="true"></Telephone1>
          <Telephone2 xsi:nil="true"></Telephone2>
          <Telephone3 xsi:nil="true"></Telephone3>
          <TimeZoneRuleVersionNumber xsi:nil="true"></TimeZoneRuleVersionNumber>
          <UPSZone xsi:nil="true"></UPSZone>
          <UTCOffset xsi:nil="true"></UTCOffset>
          <UTCConversionTimeZoneCode xsi:nil="true"></UTCConversionTimeZoneCode>
        </Address>
        <Address>
          <AddressNumber>2</AddressNumber>
          <AddressTypeCode xsi:nil="true"></AddressTypeCode>
          <City xsi:nil="true"></City>
          <County xsi:nil="true"></County>
          <Country xsi:nil="true"></Country>
          <Fax xsi:nil="true"></Fax>
          <FreightTermsCode xsi:nil="true"></FreightTermsCode>
          <ImportSequenceNumber xsi:nil="true"></ImportSequenceNumber>
          <Latitude xsi:nil="true"></Latitude>
          <Line1 xsi:nil="true"></Line1>
          <Line2 xsi:nil="true"></Line2>
          <Line3 xsi:nil="true"></Line3>
          <Longitude xsi:nil="true"></Longitude>
          <Name xsi:nil="true"></Name>
          <PostalCode xsi:nil="true"></PostalCode>
          <PostOfficeBox xsi:nil="true"></PostOfficeBox>
          <PrimaryContactName xsi:nil="true"></PrimaryContactName>
          <ShippingMethodCode xsi:nil="true"></ShippingMethodCode>
          <StateOrProvince xsi:nil="true"></StateOrProvince>
          <Telephone1 xsi:nil="true"></Telephone1>
          <Telephone2 xsi:nil="true"></Telephone2>
          <Telephone3 xsi:nil="true"></Telephone3>
          <TimeZoneRuleVersionNumber xsi:nil="true"></TimeZoneRuleVersionNumber>
          <UPSZone xsi:nil="true"></UPSZone>
          <UTCOffset xsi:nil="true"></UTCOffset>
          <UTCConversionTimeZoneCode xsi:nil="true"></UTCConversionTimeZoneCode>
        </Address>
      </Addresses>
    </Publisher>
    <RootComponents>
      <RootComponent type="1" schemaName="new_dccbuilding" behavior="0" />
      <RootComponent type="1" schemaName="new_dccprinter" behavior="0" />
      <RootComponent type="1" schemaName="new_visitorlog" behavior="0" />
      <RootComponent type="1" schemaName="new_vmadmin" behavior="0" />
      <RootComponent type="1" schemaName="new_vmbooking" behavior="0" />
      <RootComponent type="1" schemaName="new_vmcustomer" behavior="0" />
      <RootComponent type="1" schemaName="new_vmlocation" behavior="0" />
      <RootComponent type="1" schemaName="new_vmpurpose" behavior="0" />
      <RootComponent type="1" schemaName="new_vmstaff" behavior="0" />
      <RootComponent type="1" schemaName="new_vmstafflocation" behavior="0" />
      <RootComponent type="1" schemaName="new_vmuser" behavior="0" />
      <RootComponent type="9" schemaName="new_additionalquestions" behavior="0" />
      <RootComponent type="9" schemaName="new_automaticnightlysignout" behavior="0" />
      <RootComponent type="9" schemaName="new_cameraposition" behavior="0" />
      <RootComponent type="9" schemaName="new_extraassistance" behavior="0" />
      <RootComponent type="9" schemaName="new_isactive" behavior="0" />
      <RootComponent type="9" schemaName="new_microsoftformsselect" behavior="0" />
      <RootComponent type="9" schemaName="new_printpurpose" behavior="0" />
      <RootComponent type="9" schemaName="new_printpurposevisitorcard" behavior="0" />
      <RootComponent type="9" schemaName="new_printvisitorcard" behavior="0" />
      <RootComponent type="9" schemaName="new_staffsignin" behavior="0" />
      <RootComponent type="9" schemaName="new_textpurpose" behavior="0" />
      <RootComponent type="9" schemaName="new_vehiclereg" behavior="0" />
      <RootComponent type="9" schemaName="new_visitorphotograph" behavior="0" />
      <RootComponent type="9" schemaName="new_visitorselect" behavior="0" />
      <RootComponent type="9" schemaName="new_visitorsignin" behavior="0" />
      <RootComponent type="9" schemaName="new_vmuserrole" behavior="0" />
      <RootComponent type="431" schemaName="new_visitorlog new_visitorphotograph" behavior="0" />
      <RootComponent type="431" schemaName="new_vmcustomer new_logo1" behavior="0" />
      <RootComponent type="431" schemaName="new_vmcustomer new_logo2" behavior="0" />
      <RootComponent type="431" schemaName="new_vmcustomer new_logo3" behavior="0" />
      <RootComponent type="431" schemaName="new_vmlocation new_evacuationimage" behavior="0" />
      <RootComponent type="432" schemaName="new_visitorlog" behavior="0" />
      <RootComponent type="432" schemaName="new_vmcustomer" behavior="0" />
      <RootComponent type="432" schemaName="new_vmlocation" behavior="0" />
    </RootComponents>
    <MissingDependencies />
  </SolutionManifest>
</ImportExportXml>