<ImportExportXml version="9.2.24082.178" SolutionPackageVersion="9.2" languagecode="1033" generatedBy="CrmLive" xmlns:xsi="http://www.w3.org/2001/XMLSchema-instance">
  <SolutionManifest>
    <UniqueName>VisitorManagement</UniqueName>
    <LocalizedNames>
      <LocalizedName description="Visitor Management" languagecode="1033" />
    </LocalizedNames>
    <Descriptions />
    <Version>1.0.0.24</Version>
    <Managed>0</Managed>
    <Publisher>
      <UniqueName>DefaultPublisherdurhamvisitormanagement</UniqueName>
      <LocalizedNames>
        <LocalizedName description="Default Publisher for durhamvisitormanagement" languagecode="1033" />
      </LocalizedNames>
      <Descriptions>
        <Description description="Default publisher for this organization" languagecode="1033" />
      </Descriptions>
      <EMailAddress xsi:nil="true"></EMailAddress>
      <SupportingWebsiteUrl xsi:nil="true"></SupportingWebsiteUrl>
      <CustomizationPrefix>new</CustomizationPrefix>
      <CustomizationOptionValuePrefix>10000</CustomizationOptionValuePrefix>
      <Addresses>
        <Address>
          <AddressNumber>1</AddressNumber>
          <AddressTypeCode xsi:nil="true"></AddressTypeCode>
          <City xsi:nil="true"></City>
          <County xsi:nil="true"></County>
          <Country xsi:nil="true"></Country>
          <Fax xsi:nil="true"></Fax>
          <FreightTermsCode xsi:nil="true"></FreightTermsCode>
          <ImportSequenceNumber xsi:nil="true"></ImportSequenceNumber>
          <Latitude xsi:nil="true"></Latitude>
          <Line1 xsi:nil="true"></Line1>
          <Line2 xsi:nil="true"></Line2>
          <Line3 xsi:nil="true"></Line3>
          <Longitude xsi:nil="true"></Longitude>
          <Name xsi:nil="true"></Name>
          <PostalCode xsi:nil="true"></PostalCode>
          <PostOfficeBox xsi:nil="true"></PostOfficeBox>
          <PrimaryContactName xsi:nil="true"></PrimaryContactName>
          <ShippingMethodCode xsi:nil="true"></ShippingMethodCode>
          <StateOrProvince xsi:nil="true"></StateOrProvince>
          <Telephone1 xsi:nil="true"></Telephone1>
          <Telephone2 xsi:nil="true"></Telephone2>
          <Telephone3 xsi:nil="true"></Telephone3>
          <TimeZoneRuleVersionNumber xsi:nil="true"></TimeZoneRuleVersionNumber>
          <UPSZone xsi:nil="true"></UPSZone>
          <UTCOffset xsi:nil="true"></UTCOffset>
          <UTCConversionTimeZoneCode xsi:nil="true"></UTCConversionTimeZoneCode>
        </Address>
        <Address>
          <AddressNumber>2</AddressNumber>
          <AddressTypeCode xsi:nil="true"></AddressTypeCode>
          <City xsi:nil="true"></City>
          <County xsi:nil="true"></County>
          <Country xsi:nil="true"></Country>
          <Fax xsi:nil="true"></Fax>
          <FreightTermsCode xsi:nil="true"></FreightTermsCode>
          <ImportSequenceNumber xsi:nil="true"></ImportSequenceNumber>
          <Latitude xsi:nil="true"></Latitude>
          <Line1 xsi:nil="true"></Line1>
          <Line2 xsi:nil="true"></Line2>
          <Line3 xsi:nil="true"></Line3>
          <Longitude xsi:nil="true"></Longitude>
          <Name xsi:nil="true"></Name>
          <PostalCode xsi:nil="true"></PostalCode>
          <PostOfficeBox xsi:nil="true"></PostOfficeBox>
          <PrimaryContactName xsi:nil="true"></PrimaryContactName>
          <ShippingMethodCode xsi:nil="true"></ShippingMethodCode>
          <StateOrProvince xsi:nil="true"></StateOrProvince>
          <Telephone1 xsi:nil="true"></Telephone1>
          <Telephone2 xsi:nil="true"></Telephone2>
          <Telephone3 xsi:nil="true"></Telephone3>
          <TimeZoneRuleVersionNumber xsi:nil="true"></TimeZoneRuleVersionNumber>
          <UPSZone xsi:nil="true"></UPSZone>
          <UTCOffset xsi:nil="true"></UTCOffset>
          <UTCConversionTimeZoneCode xsi:nil="true"></UTCConversionTimeZoneCode>
        </Address>
      </Addresses>
    </Publisher>
    <RootComponents>
      <RootComponent type="1" schemaName="new_visitorlog" behavior="0" />
      <RootComponent type="29" id="{256711fc-48f7-ee11-a1fe-7c1e521e3a91}" behavior="0" />
      <RootComponent type="29" id="{2bacfd0d-7203-ee11-8f6e-00224841f05b}" behavior="0" />
      <RootComponent type="29" id="{34dca2a9-414f-ef11-a317-000d3ad6433f}" behavior="0" />
      <RootComponent type="29" id="{3595d19a-7203-ee11-8f6e-00224841f05b}" behavior="0" />
      <RootComponent type="29" id="{3c4990e5-3c42-ec11-8c62-000d3ad68e38}" behavior="0" />
      <RootComponent type="29" id="{3c7287de-d432-ef11-8e4f-7c1e52037d37}" behavior="0" />
      <RootComponent type="29" id="{41c1c34f-2d32-ef11-8e4f-7c1e52037d37}" behavior="0" />
      <RootComponent type="29" id="{482951f0-cb48-ef11-a316-7c1e522e8435}" behavior="0" />
      <RootComponent type="29" id="{539c42c3-b9ff-ed11-8f6d-00224841f05b}" behavior="0" />
      <RootComponent type="29" id="{d5f8301f-7003-ee11-8f6d-00224841f90d}" behavior="0" />
      <RootComponent type="29" id="{ed5ae9db-49c2-ed11-b596-6045bdd1c91f}" behavior="0" />
      <RootComponent type="29" id="{f4ebb7d3-db06-ef11-9f89-7c1e52048a2f}" behavior="0" />
      <RootComponent type="29" id="{f5a62a30-7303-ee11-8f6e-00224841f05b}" behavior="0" />
      <RootComponent type="29" id="{f64f2ba3-7303-ee11-8f6e-00224841f05b}" behavior="0" />
      <RootComponent type="29" id="{f78fbb7c-9a28-ef11-840b-7c1e52037d37}" behavior="0" />
      <RootComponent type="29" id="{fb9e2059-c1ff-ed11-8f6d-00224841f05b}" behavior="0" />
      <RootComponent type="300" schemaName="new_componentlibrary_1d2d0" behavior="0" />
      <RootComponent type="300" schemaName="new_newcomponentlibrary_72d3f" behavior="0" />
      <RootComponent type="431" schemaName="new_dccbuilding new_fireescapediagram" behavior="0" />
      <RootComponent type="432" schemaName="new_dccbuilding" behavior="0" />
    </RootComponents>
    <MissingDependencies>
      <MissingDependency>
        <Required type="1" schemaName="new_vmbooking" displayName="VM Booking" solution="Active" />
        <Dependent type="29" displayName="Create a VM Booking - Corten House - Forms" id="{256711fc-48f7-ee11-a1fe-7c1e521e3a91}" />
      </MissingDependency>
      <MissingDependency>
        <Required type="1" schemaName="new_vmbooking" displayName="VM Booking" solution="Active" />
        <Dependent type="29" displayName="Create a VM Booking - Corten House - Sharepoint" id="{41c1c34f-2d32-ef11-8e4f-7c1e52037d37}" />
      </MissingDependency>
      <MissingDependency>
        <Required type="1" schemaName="new_vmbooking" displayName="VM Booking" solution="Active" />
        <Dependent type="29" displayName="Delete Yesterdays VM Bookings" id="{539c42c3-b9ff-ed11-8f6d-00224841f05b}" />
      </MissingDependency>
      <MissingDependency>
        <Required type="1" schemaName="new_vmbooking" displayName="VM Booking" solution="Active" />
        <Dependent type="29" displayName="Booking Deletion Email" id="{d5f8301f-7003-ee11-8f6d-00224841f90d}" />
      </MissingDependency>
      <MissingDependency>
        <Required type="1" schemaName="new_vmbooking" displayName="VM Booking" solution="Active" />
        <Dependent type="29" displayName="Create a VM Booking - Plexus Reception" id="{ed5ae9db-49c2-ed11-b596-6045bdd1c91f}" />
      </MissingDependency>
      <MissingDependency>
        <Required type="1" schemaName="new_vmlocation" displayName="VM Location" solution="Active" />
        <Dependent type="2" schemaName="new_automaticsignout" displayName="Automatic Signout" parentSchemaName="new_visitorlog" parentDisplayName="VM Visitors" />
      </MissingDependency>
      <MissingDependency>
        <Required type="1" schemaName="new_vmlocation" displayName="VM Location" solution="Active" />
        <Dependent type="2" schemaName="new_locationdescription" displayName="Location Description" parentSchemaName="new_visitorlog" parentDisplayName="VM Visitors" />
      </MissingDependency>
      <MissingDependency>
        <Required type="1" schemaName="new_vmlocation" displayName="VM Location" solution="Active" />
        <Dependent type="29" displayName="Create a VM Booking - Corten House - Forms" id="{256711fc-48f7-ee11-a1fe-7c1e521e3a91}" />
      </MissingDependency>
      <MissingDependency>
        <Required type="1" schemaName="new_vmlocation" displayName="VM Location" solution="Active" />
        <Dependent type="29" displayName="Create a VM Booking - Corten House - Sharepoint" id="{41c1c34f-2d32-ef11-8e4f-7c1e52037d37}" />
      </MissingDependency>
      <MissingDependency>
        <Required type="1" schemaName="new_vmlocation" displayName="VM Location" solution="Active" />
        <Dependent type="29" displayName="Booking Deletion Email" id="{d5f8301f-7003-ee11-8f6d-00224841f90d}" />
      </MissingDependency>
      <MissingDependency>
        <Required type="1" schemaName="new_vmlocation" displayName="VM Location" solution="Active" />
        <Dependent type="29" displayName="Create a VM Booking - Plexus Reception" id="{ed5ae9db-49c2-ed11-b596-6045bdd1c91f}" />
      </MissingDependency>
      <MissingDependency>
        <Required type="1" schemaName="new_vmpurpose" displayName="VM Purpose" solution="Active" />
        <Dependent type="2" schemaName="new_purposedescription" displayName="Purpose Description" parentSchemaName="new_visitorlog" parentDisplayName="VM Visitors" />
      </MissingDependency>
      <MissingDependency>
        <Required type="1" schemaName="new_vmpurpose" displayName="VM Purpose" solution="Active" />
        <Dependent type="29" displayName="Create a VM Booking - Corten House - Forms" id="{256711fc-48f7-ee11-a1fe-7c1e521e3a91}" />
      </MissingDependency>
      <MissingDependency>
        <Required type="1" schemaName="new_vmpurpose" displayName="VM Purpose" solution="Active" />
        <Dependent type="29" displayName="Create a VM Booking - Corten House - Sharepoint" id="{41c1c34f-2d32-ef11-8e4f-7c1e52037d37}" />
      </MissingDependency>
      <MissingDependency>
        <Required type="1" schemaName="new_vmpurpose" displayName="VM Purpose" solution="Active" />
        <Dependent type="29" displayName="Booking Deletion Email" id="{d5f8301f-7003-ee11-8f6d-00224841f90d}" />
      </MissingDependency>
      <MissingDependency>
        <Required type="1" schemaName="new_vmpurpose" displayName="VM Purpose" solution="Active" />
        <Dependent type="29" displayName="Create a VM Booking - Plexus Reception" id="{ed5ae9db-49c2-ed11-b596-6045bdd1c91f}" />
      </MissingDependency>
      <MissingDependency>
        <Required type="2" schemaName="new_buildingname" displayName="Building Name" parentSchemaName="new_dccbuilding" parentDisplayName="DCC Building" solution="Active" />
        <Dependent type="10" schemaName="new_VisitorLog_Building_new_DCCBuilding" displayName="new_VisitorLog_Building_new_DCCBuilding" parentSchemaName="new_dccbuilding" parentDisplayName="DCC Building" />
      </MissingDependency>
      <MissingDependency>
        <Required type="2" schemaName="new_automaticnightlysignoutdescription" displayName="Automatic Nightly Signout Description" parentSchemaName="new_vmlocation" parentDisplayName="VM Location" solution="Active" />
        <Dependent type="2" schemaName="new_automaticsignout" displayName="Automatic Signout" parentSchemaName="new_visitorlog" parentDisplayName="VM Visitors" />
      </MissingDependency>
      <MissingDependency>
        <Required type="2" schemaName="new_name" displayName="Name" parentSchemaName="new_vmlocation" parentDisplayName="VM Location" solution="Active" />
        <Dependent type="10" schemaName="new_new_visitorlog_LocationLink_new_vmlocatio" displayName="new_new_visitorlog_LocationLink_new_vmlocatio" parentSchemaName="new_vmlocation" parentDisplayName="VM Location" />
      </MissingDependency>
      <MissingDependency>
        <Required type="2" schemaName="new_name" displayName="Name" parentSchemaName="new_vmlocation" parentDisplayName="VM Location" solution="Active" />
        <Dependent type="2" schemaName="new_locationdescription" displayName="Location Description" parentSchemaName="new_visitorlog" parentDisplayName="VM Visitors" />
      </MissingDependency>
      <MissingDependency>
        <Required type="2" schemaName="new_vmlocationid" displayName="VM Location" parentSchemaName="new_vmlocation" parentDisplayName="VM Location" solution="Active" />
        <Dependent type="2" schemaName="new_automaticsignout" displayName="Automatic Signout" parentSchemaName="new_visitorlog" parentDisplayName="VM Visitors" />
      </MissingDependency>
      <MissingDependency>
        <Required type="2" schemaName="new_vmlocationid" displayName="VM Location" parentSchemaName="new_vmlocation" parentDisplayName="VM Location" solution="Active" />
        <Dependent type="2" schemaName="new_locationdescription" displayName="Location Description" parentSchemaName="new_visitorlog" parentDisplayName="VM Visitors" />
      </MissingDependency>
      <MissingDependency>
        <Required type="2" schemaName="new_purposeid" displayName="Purpose Id" parentSchemaName="new_vmpurpose" parentDisplayName="VM Purpose" solution="Active" />
        <Dependent type="10" schemaName="new_new_visitorlog_PurposeLink_new_vmpurpose" displayName="new_new_visitorlog_PurposeLink_new_vmpurpose" parentSchemaName="new_vmpurpose" parentDisplayName="VM Purpose" />
      </MissingDependency>
      <MissingDependency>
        <Required type="2" schemaName="new_purposeofvisit" displayName="Purpose of Visit" parentSchemaName="new_vmpurpose" parentDisplayName="VM Purpose" solution="Active" />
        <Dependent type="2" schemaName="new_purposedescription" displayName="Purpose Description" parentSchemaName="new_visitorlog" parentDisplayName="VM Visitors" />
      </MissingDependency>
      <MissingDependency>
        <Required type="2" schemaName="new_vmpurposeid" displayName="VM Purpose" parentSchemaName="new_vmpurpose" parentDisplayName="VM Purpose" solution="Active" />
        <Dependent type="2" schemaName="new_purposedescription" displayName="Purpose Description" parentSchemaName="new_visitorlog" parentDisplayName="VM Visitors" />
      </MissingDependency>
      <MissingDependency>
        <Required type="9" schemaName="new_extraassistance" displayName="Extra Assistance" solution="Active" />
        <Dependent type="2" schemaName="new_extraassistance" displayName="Extra Assistance" parentSchemaName="new_visitorlog" parentDisplayName="VM Visitors" />
      </MissingDependency>
      <MissingDependency>
        <Required type="EnvironmentVariableDefinition" displayName="new_VMMailboxEmailAddress" solution="Active" id.schemaname="new_VMMailboxEmailAddress" />
        <Dependent type="29" displayName="Create a VM Booking - Corten House - Forms" id="{256711fc-48f7-ee11-a1fe-7c1e521e3a91}" />
      </MissingDependency>
      <MissingDependency>
        <Required type="EnvironmentVariableDefinition" displayName="new_VMMailboxEmailAddress" solution="Active" id.schemaname="new_VMMailboxEmailAddress" />
        <Dependent type="29" displayName="Evacuation Report Email" id="{2bacfd0d-7203-ee11-8f6e-00224841f05b}" />
      </MissingDependency>
      <MissingDependency>
        <Required type="EnvironmentVariableDefinition" displayName="new_VMMailboxEmailAddress" solution="Active" id.schemaname="new_VMMailboxEmailAddress" />
        <Dependent type="29" displayName="New Sign In Email" id="{34dca2a9-414f-ef11-a317-000d3ad6433f}" />
      </MissingDependency>
      <MissingDependency>
        <Required type="EnvironmentVariableDefinition" displayName="new_VMMailboxEmailAddress" solution="Active" id.schemaname="new_VMMailboxEmailAddress" />
        <Dependent type="29" displayName="Extra Assistance Sign In Email" id="{3595d19a-7203-ee11-8f6e-00224841f05b}" />
      </MissingDependency>
      <MissingDependency>
        <Required type="EnvironmentVariableDefinition" displayName="new_VMMailboxEmailAddress" solution="Active" id.schemaname="new_VMMailboxEmailAddress" />
        <Dependent type="29" displayName="Create a VM Booking - Corten House - Sharepoint" id="{41c1c34f-2d32-ef11-8e4f-7c1e52037d37}" />
      </MissingDependency>
      <MissingDependency>
        <Required type="EnvironmentVariableDefinition" displayName="new_VMMailboxEmailAddress" solution="Active" id.schemaname="new_VMMailboxEmailAddress" />
        <Dependent type="29" displayName="Booking Deletion Email" id="{d5f8301f-7003-ee11-8f6d-00224841f90d}" />
      </MissingDependency>
      <MissingDependency>
        <Required type="EnvironmentVariableDefinition" displayName="new_VMMailboxEmailAddress" solution="Active" id.schemaname="new_VMMailboxEmailAddress" />
        <Dependent type="29" displayName="Create a VM Booking - Plexus Reception" id="{ed5ae9db-49c2-ed11-b596-6045bdd1c91f}" />
      </MissingDependency>
      <MissingDependency>
        <Required type="EnvironmentVariableDefinition" displayName="new_VMMailboxEmailAddress" solution="Active" id.schemaname="new_VMMailboxEmailAddress" />
        <Dependent type="29" displayName="Extra Assistance Sign Out Email" id="{f5a62a30-7303-ee11-8f6e-00224841f05b}" />
      </MissingDependency>
      <MissingDependency>
        <Required type="EnvironmentVariableDefinition" displayName="new_VMMailboxEmailAddress" solution="Active" id.schemaname="new_VMMailboxEmailAddress" />
        <Dependent type="29" displayName="Sign In Email" id="{f64f2ba3-7303-ee11-8f6e-00224841f05b}" />
      </MissingDependency>
      <MissingDependency>
        <Required type="EnvironmentVariableDefinition" displayName="new_VMSharepointList" solution="Active" id.schemaname="new_VMSharepointList" />
        <Dependent type="29" displayName="Delete Sharepoint Booking Records" id="{3c7287de-d432-ef11-8e4f-7c1e52037d37}" />
      </MissingDependency>
      <MissingDependency>
        <Required type="EnvironmentVariableDefinition" displayName="new_VMSharepointList" solution="Active" id.schemaname="new_VMSharepointList" />
        <Dependent type="29" displayName="Create a VM Booking - Corten House - Sharepoint" id="{41c1c34f-2d32-ef11-8e4f-7c1e52037d37}" />
      </MissingDependency>
      <MissingDependency>
        <Required type="EnvironmentVariableDefinition" displayName="new_VMSharepointSite" solution="Active" id.schemaname="new_VMSharepointSite" />
        <Dependent type="29" displayName="Delete Sharepoint Booking Records" id="{3c7287de-d432-ef11-8e4f-7c1e52037d37}" />
      </MissingDependency>
      <MissingDependency>
        <Required type="EnvironmentVariableDefinition" displayName="new_VMSharepointSite" solution="Active" id.schemaname="new_VMSharepointSite" />
        <Dependent type="29" displayName="Create a VM Booking - Corten House - Sharepoint" id="{41c1c34f-2d32-ef11-8e4f-7c1e52037d37}" />
      </MissingDependency>
    </MissingDependencies>
  </SolutionManifest>
</ImportExportXml>