<environmentvariabledefinition schemaname="new_BarcodeUrl">
  <description default="The Visitor Management System uses an external service to create barcodes">
    <label description="The Visitor Management System uses an external service to create barcodes" languagecode="1033" />
  </description>
  <displayname default="Barcode Url">
    <label description="Barcode Url" languagecode="1033" />
  </displayname>
  <introducedversion>1.0.0.0</introducedversion>
  <iscustomizable>1</iscustomizable>
  <isrequired>0</isrequired>
  <secretstore>0</secretstore>
  <type>100000000</type>
</environmentvariabledefinition>