{
  "properties": {
    "connectionReferences": {
      "shared_office365": {
        "runtimeSource": "invoker",
        "connection": {
          "connectionReferenceLogicalName": "new_sharedoffice365_68909"
        },
        "api": {
          "name": "shared_office365"
        }
      },
      "shared_commondataserviceforapps": {
        "runtimeSource": "embedded",
        "connection": {
          "connectionReferenceLogicalName": "new_sharedcommondataserviceforapps_f7b17"
        },
        "api": {
          "name": "shared_commondataserviceforapps"
        }
      }
    },
    "definition": {
      "$schema": "https://schema.management.azure.com/providers/Microsoft.Logic/schemas/2016-06-01/workflowdefinition.json#",
      "contentVersion": "1.0.0.0",
      "parameters": {
        "$connections": {
          "defaultValue": {},
          "type": "Object"
        },
        "$authentication": {
          "defaultValue": {},
          "type": "SecureObject"
        },
        "VM Mailbox Email Address (new_VMMailboxEmailAddress)": {
          "defaultValue": "PowerAutomateDev@durham.gov.uk",
          "type": "String",
          "metadata": {
            "schemaName": "new_VMMailboxEmailAddress"
          }
        }
      },
      "triggers": {
        "manual": {
          "metadata": {
            "operationMetadataId": "eef56ac4-3498-44bc-95e1-6bc3aa9a9cc3"
          },
          "type": "Request",
          "kind": "PowerApp",
          "inputs": {
            "schema": {
              "type": "object",
              "properties": {
                "Sendanemailfromasharedmailbox(V2)_To": {
                  "type": "string",
                  "format": "email",
                  "description": "Specify email addresses separated by semicolons like someone@contoso.com",
                  "x-ms-powerflows-param-ispartial": false
                },
                "GetarowbyID_RowID": {
                  "type": "string",
                  "description": "Enter the row's globally unique identifier (GUID)",
                  "x-ms-powerflows-param-ispartial": false
                }
              },
              "required": [
                "Sendanemailfromasharedmailbox(V2)_To",
                "GetarowbyID_RowID"
              ]
            }
          }
        }
      },
      "actions": {
        "Get_Booking": {
          "runAfter": {},
          "metadata": {
            "operationMetadataId": "e0ba0832-f63e-4552-8b0b-86471c0f0b19"
          },
          "type": "OpenApiConnection",
          "inputs": {
            "host": {
              "connectionName": "shared_commondataserviceforapps",
              "operationId": "GetItem",
              "apiId": "/providers/Microsoft.PowerApps/apis/shared_commondataserviceforapps"
            },
            "parameters": {
              "entityName": "new_vmbookings",
              "recordId": "@triggerBody()['GetarowbyID_RowID']"
            },
            "authentication": {
              "type": "Raw",
              "value": "@json(decodeBase64(triggerOutputs().headers['X-MS-APIM-Tokens']))['$ConnectionKey']"
            }
          }
        },
        "Respond_on_Success": {
          "runAfter": {
            "Scope": [
              "Succeeded"
            ]
          },
          "metadata": {
            "operationMetadataId": "0d8491de-1d67-4696-8bb5-1cced1302329"
          },
          "type": "Response",
          "kind": "PowerApp",
          "inputs": {
            "statusCode": 200,
            "body": {
              "outcome": "Success"
            },
            "schema": {
              "type": "object",
              "properties": {
                "outcome": {
                  "title": "Outcome",
                  "x-ms-dynamically-added": true,
                  "type": "string"
                }
              }
            }
          }
        },
        "Get_Location": {
          "runAfter": {
            "Get_Booking": [
              "Succeeded"
            ]
          },
          "metadata": {
            "operationMetadataId": "dd00e7dd-a3ae-4cbe-9390-7d96eaa4e4a1"
          },
          "type": "OpenApiConnection",
          "inputs": {
            "host": {
              "connectionName": "shared_commondataserviceforapps",
              "operationId": "GetItem",
              "apiId": "/providers/Microsoft.PowerApps/apis/shared_commondataserviceforapps"
            },
            "parameters": {
              "entityName": "new_vmlocations",
              "recordId": "@outputs('Get_Booking')?['body/_new_locationlink_value']"
            },
            "authentication": {
              "type": "Raw",
              "value": "@json(decodeBase64(triggerOutputs().headers['X-MS-APIM-Tokens']))['$ConnectionKey']"
            }
          }
        },
        "Get_Purpose": {
          "runAfter": {
            "Get_Location": [
              "Succeeded"
            ]
          },
          "metadata": {
            "operationMetadataId": "a7bb05f2-3b84-45cd-9230-8d01184f20be"
          },
          "type": "OpenApiConnection",
          "inputs": {
            "host": {
              "connectionName": "shared_commondataserviceforapps",
              "operationId": "GetItem",
              "apiId": "/providers/Microsoft.PowerApps/apis/shared_commondataserviceforapps"
            },
            "parameters": {
              "entityName": "new_vmpurposes",
              "recordId": "@outputs('Get_Booking')?['body/_new_purposelink_value']"
            },
            "authentication": {
              "type": "Raw",
              "value": "@json(decodeBase64(triggerOutputs().headers['X-MS-APIM-Tokens']))['$ConnectionKey']"
            }
          }
        },
        "Respond_on_Failure": {
          "runAfter": {
            "Scope": [
              "Failed"
            ]
          },
          "metadata": {
            "operationMetadataId": "e713ceb8-4dbb-4e15-a442-7ca03e1c2059"
          },
          "type": "Response",
          "kind": "PowerApp",
          "inputs": {
            "statusCode": 200,
            "body": {
              "outcome": "Failure"
            },
            "schema": {
              "type": "object",
              "properties": {
                "outcome": {
                  "title": "Outcome",
                  "x-ms-dynamically-added": true,
                  "type": "string"
                }
              }
            }
          }
        },
        "Scope": {
          "actions": {
            "Delete_a_row": {
              "runAfter": {},
              "metadata": {
                "operationMetadataId": "0caf4770-7910-4827-927e-f980431af07d"
              },
              "type": "OpenApiConnection",
              "inputs": {
                "host": {
                  "connectionName": "shared_commondataserviceforapps",
                  "operationId": "DeleteRecord",
                  "apiId": "/providers/Microsoft.PowerApps/apis/shared_commondataserviceforapps"
                },
                "parameters": {
                  "entityName": "new_vmbookings",
                  "recordId": "@outputs('Get_Booking')?['body/new_vmbookingid']"
                },
                "authentication": {
                  "type": "Raw",
                  "value": "@json(decodeBase64(triggerOutputs().headers['X-MS-APIM-Tokens']))['$ConnectionKey']"
                }
              }
            },
            "Send_an_email_from_a_shared_mailbox_(V2)": {
              "runAfter": {
                "Delete_a_row": [
                  "Succeeded"
                ]
              },
              "metadata": {
                "operationMetadataId": "e0668166-22bf-4b3d-a96d-c19dfd43692e"
              },
              "type": "OpenApiConnection",
              "inputs": {
                "host": {
                  "connectionName": "shared_office365",
                  "operationId": "SharedMailboxSendEmailV2",
                  "apiId": "/providers/Microsoft.PowerApps/apis/shared_office365"
                },
                "parameters": {
                  "emailMessage/MailboxAddress": "@parameters('VM Mailbox Email Address (new_VMMailboxEmailAddress)')",
                  "emailMessage/To": "@triggerBody()['Sendanemailfromasharedmailbox(V2)_To']",
                  "emailMessage/Subject": "Visitor Management Booking has been deleted with you as Contact",
                  "emailMessage/Body": "<p>This is confirmation that the booking for the following person at the following location for which you are down as the Contact has been deleted. If this has been deleted in error please contact your local Administrator.<br>\n<br>\nBooking Date: @{outputs('Get_Booking')?['body/new_bookingdate']}<br>\nName: &nbsp;&nbsp;&nbsp;&nbsp;&nbsp;&nbsp;&nbsp;&nbsp;&nbsp;&nbsp;&nbsp;&nbsp;@{outputs('Get_Booking')?['body/new_firstname']} @{outputs('Get_Booking')?['body/new_secondname']}<br>\nLocation: &nbsp;&nbsp;&nbsp;&nbsp;&nbsp;&nbsp;&nbsp;&nbsp;@{outputs('Get_Location')?['body/new_name']}<br>\nPurpose: &nbsp;&nbsp;&nbsp;&nbsp;&nbsp;&nbsp;&nbsp;&nbsp;&nbsp;@{outputs('Get_Purpose')?['body/new_purposeofvisit']}<br>\n</p>",
                  "emailMessage/Importance": "Normal"
                },
                "authentication": {
                  "type": "Raw",
                  "value": "@json(decodeBase64(triggerOutputs().headers['X-MS-APIM-Tokens']))['$ConnectionKey']"
                }
              }
            }
          },
          "runAfter": {
            "Get_Purpose": [
              "Succeeded"
            ]
          },
          "metadata": {
            "operationMetadataId": "bb88342c-e657-4694-910d-4c666c914c97"
          },
          "type": "Scope"
        }
      }
    },
    "templateName": ""
  },
  "schemaVersion": "1.0.0.0"
}