{
  "properties": {
    "connectionReferences": {
      "shared_commondataserviceforapps_1": {
        "runtimeSource": "embedded",
        "connection": {
          "connectionReferenceLogicalName": "new_sharedcommondataserviceforapps_f7b17"
        },
        "api": {
          "name": "shared_commondataserviceforapps"
        }
      },
      "shared_office365": {
        "runtimeSource": "embedded",
        "connection": {
          "connectionReferenceLogicalName": "new_sharedoffice365_68909"
        },
        "api": {
          "name": "shared_office365"
        }
      },
      "shared_sharepointonline": {
        "runtimeSource": "embedded",
        "connection": {
          "connectionReferenceLogicalName": "new_sharedsharepointonline_0e33f"
        },
        "api": {
          "name": "shared_sharepointonline"
        }
      }
    },
    "definition": {
      "$schema": "https://schema.management.azure.com/providers/Microsoft.Logic/schemas/2016-06-01/workflowdefinition.json#",
      "contentVersion": "1.0.0.0",
      "parameters": {
        "$connections": {
          "defaultValue": {},
          "type": "Object"
        },
        "$authentication": {
          "defaultValue": {},
          "type": "SecureObject"
        },
        "VM Mailbox Email Address (new_VMMailboxEmailAddress)": {
          "defaultValue": "powerapps@durham.gov.uk",
          "type": "String",
          "metadata": {
            "schemaName": "new_VMMailboxEmailAddress"
          }
        },
        "VM Sharepoint Site (new_VMSharepointSite)": {
          "defaultValue": "https://durhamcountycouncil.sharepoint.com/sites/AppsandF",
          "type": "String",
          "metadata": {
            "schemaName": "new_VMSharepointSite"
          }
        },
        "VM Sharepoint List (new_VMSharepointList)": {
          "defaultValue": "fb4d8bab-6934-4556-8f8a-71d89875e2a9",
          "type": "String",
          "metadata": {
            "schemaName": "new_VMSharepointList"
          }
        }
      },
      "triggers": {
        "When_an_item_is_created": {
          "recurrence": {
            "interval": 1,
            "frequency": "Minute"
          },
          "splitOn": "@triggerOutputs()?['body/value']",
          "metadata": {
            "operationMetadataId": "8d8122b4-b823-496a-bb31-2ed5a23852cc"
          },
          "type": "OpenApiConnection",
          "inputs": {
            "host": {
              "connectionName": "shared_sharepointonline",
              "operationId": "GetOnNewItems",
              "apiId": "/providers/Microsoft.PowerApps/apis/shared_sharepointonline"
            },
            "parameters": {
              "dataset": "@parameters('VM Sharepoint Site (new_VMSharepointSite)')",
              "table": "@parameters('VM Sharepoint List (new_VMSharepointList)')"
            },
            "authentication": "@parameters('$authentication')"
          }
        }
      },
      "actions": {
        "Get_Corten_House_Record": {
          "runAfter": {},
          "metadata": {
            "operationMetadataId": "282005d7-3975-4671-96de-b9f018a98756"
          },
          "type": "OpenApiConnection",
          "inputs": {
            "host": {
              "connectionName": "shared_commondataserviceforapps_1",
              "operationId": "ListRecords",
              "apiId": "/providers/Microsoft.PowerApps/apis/shared_commondataserviceforapps"
            },
            "parameters": {
              "entityName": "new_vmlocations",
              "$filter": "new_name eq 'Corten House'"
            },
            "authentication": "@parameters('$authentication')"
          }
        },
        "Corten_House_Id": {
          "runAfter": {
            "Get_Purpose_Record": [
              "Succeeded"
            ]
          },
          "metadata": {
            "operationMetadataId": "8dcd6448-761a-4901-ab25-ef6bf254b541"
          },
          "type": "Compose",
          "inputs": "@first(outputs('Get_Corten_House_Record')?['body/value'])?['new_VMLocationid']"
        },
        "Get_Purpose_Record": {
          "runAfter": {
            "Get_Corten_House_Record": [
              "Succeeded"
            ]
          },
          "metadata": {
            "operationMetadataId": "2c3b46ad-cb82-4982-9460-af61c76360e7"
          },
          "type": "OpenApiConnection",
          "inputs": {
            "host": {
              "connectionName": "shared_commondataserviceforapps_1",
              "operationId": "ListRecords",
              "apiId": "/providers/Microsoft.PowerApps/apis/shared_commondataserviceforapps"
            },
            "parameters": {
              "entityName": "new_vmpurposes",
              "$filter": "new_purposeofvisit eq '@{triggerOutputs()?['body/Purposeofthevisit/Value']}'"
            },
            "authentication": "@parameters('$authentication')"
          }
        },
        "Purpose_ID": {
          "runAfter": {
            "Corten_House_Id": [
              "Succeeded"
            ]
          },
          "metadata": {
            "operationMetadataId": "9025fdaa-4e9b-4c63-bbda-2f62d42d4440"
          },
          "type": "Compose",
          "inputs": "@first(outputs('Get_Purpose_Record')?['body/value'])?['new_VMPurposeId']"
        },
        "Send_an_email_from_a_shared_mailbox_(V2)": {
          "runAfter": {
            "Convert_time_zone": [
              "Succeeded"
            ]
          },
          "metadata": {
            "operationMetadataId": "56521ae8-7781-498c-8b66-e8484dacc9ef"
          },
          "type": "OpenApiConnection",
          "inputs": {
            "host": {
              "connectionName": "shared_office365",
              "operationId": "SharedMailboxSendEmailV2",
              "apiId": "/providers/Microsoft.PowerApps/apis/shared_office365"
            },
            "parameters": {
              "emailMessage/MailboxAddress": "@parameters('VM Mailbox Email Address (new_VMMailboxEmailAddress)')",
              "emailMessage/To": "@triggerOutputs()?['body/Emailaddressofthecontact']",
              "emailMessage/Subject": "Corten House Booking submitted",
              "emailMessage/Body": "<p>A Booking has been submitted for Corten House for which you are specified as the Contact. The details are below :-<br>\n<br>\nBooking Date: &nbsp; @{body('Convert_time_zone')}&nbsp;<br>\nFirst Name: &nbsp;&nbsp;&nbsp;&nbsp;&nbsp; &nbsp;@{outputs('Add_a_new_row_2')?['body/new_firstname']}&nbsp; &nbsp;<br>\nSecond Name: &nbsp; @{outputs('Add_a_new_row_2')?['body/new_secondname']}<br>\nPurpose of Visit: @{triggerOutputs()?['body/Purposeofthevisit/Value']}<br>\nCompany Name: @{outputs('Add_a_new_row_2')?['body/new_companyname']}<br>\nEmail Address: &nbsp;&nbsp;&nbsp;@{outputs('Add_a_new_row_2')?['body/new_emailaddress']}<br>\nWho To See: &nbsp;&nbsp;&nbsp;&nbsp;&nbsp;&nbsp;@{outputs('Add_a_new_row_2')?['body/new_whotosee']}<br>\nContact Email: &nbsp; &nbsp;@{outputs('Add_a_new_row_2')?['body/new_submituser']}</p>",
              "emailMessage/Importance": "Normal"
            },
            "authentication": "@parameters('$authentication')"
          }
        },
        "Convert_time_zone": {
          "runAfter": {
            "Add_a_new_row_2": [
              "Succeeded"
            ]
          },
          "metadata": {
            "operationMetadataId": "fcb1d423-a511-4b89-86a4-fe50f3c93e1a"
          },
          "type": "Expression",
          "kind": "ConvertTimeZone",
          "inputs": {
            "baseTime": "@outputs('Add_a_new_row_2')?['body/new_bookingtime']",
            "formatString": "dd/MM/yyyy HH:mm",
            "sourceTimeZone": "UTC",
            "destinationTimeZone": "GMT Standard Time"
          }
        },
        "Add_a_new_row_2": {
          "runAfter": {
            "Purpose_ID": [
              "Succeeded"
            ]
          },
          "metadata": {
            "operationMetadataId": "9e3ffada-c1fb-465f-b5ed-d15be34f9406"
          },
          "type": "OpenApiConnection",
          "inputs": {
            "host": {
              "connectionName": "shared_commondataserviceforapps_1",
              "operationId": "CreateRecord",
              "apiId": "/providers/Microsoft.PowerApps/apis/shared_commondataserviceforapps"
            },
            "parameters": {
              "entityName": "new_vmbookings",
              "item/new_bookingdate": "@triggerOutputs()?['body/Dateofvisit']",
              "item/new_bookingtime": "@triggerOutputs()?['body/Dateofvisit']",
              "item/new_companyname": "@triggerOutputs()?['body/Companyname']",
              "item/new_emailaddress": "@triggerOutputs()?['body/Emailaddressofthevisitor_x002f_c']",
              "item/new_firstname": "@triggerOutputs()?['body/Visitorsfirstname']",
              "item/new_LocationLink@odata.bind": "/new_vmlocations(@{outputs('Corten_House_Id')})",
              "item/new_PurposeLink@odata.bind": "/new_vmpurposes(@{outputs('Purpose_ID')})",
              "item/new_secondname": "@triggerOutputs()?['body/Visitorssecondname']",
              "item/new_submituser": "@triggerOutputs()?['body/Emailaddressofthecontact']",
              "item/new_whotosee": "@triggerOutputs()?['body/Whoaretheyheretosee']"
            },
            "authentication": "@parameters('$authentication')"
          }
        }
      }
    },
    "templateName": ""
  },
  "schemaVersion": "1.0.0.0"
}