{
  "properties": {
    "connectionReferences": {
      "shared_microsoftforms": {
        "runtimeSource": "embedded",
        "connection": {
          "connectionReferenceLogicalName": "new_sharedmicrosoftforms_1a576"
        },
        "api": {
          "name": "shared_microsoftforms"
        }
      },
      "shared_commondataserviceforapps": {
        "runtimeSource": "embedded",
        "connection": {
          "connectionReferenceLogicalName": "new_sharedcommondataserviceforapps_f7b17"
        },
        "api": {
          "name": "shared_commondataserviceforapps"
        }
      },
      "shared_office365": {
        "runtimeSource": "embedded",
        "connection": {
          "connectionReferenceLogicalName": "new_sharedoffice365_68909"
        },
        "api": {
          "name": "shared_office365"
        }
      }
    },
    "definition": {
      "$schema": "https://schema.management.azure.com/providers/Microsoft.Logic/schemas/2016-06-01/workflowdefinition.json#",
      "contentVersion": "1.0.0.0",
      "parameters": {
        "$connections": {
          "defaultValue": {},
          "type": "Object"
        },
        "$authentication": {
          "defaultValue": {},
          "type": "SecureObject"
        },
        "VM Mailbox Email Address (new_VMMailboxEmailAddress)": {
          "defaultValue": "powerapps@durham.gov.uk",
          "type": "String",
          "metadata": {
            "schemaName": "new_VMMailboxEmailAddress"
          }
        }
      },
      "triggers": {
        "When_a_new_response_is_submitted": {
          "splitOn": "@triggerOutputs()?['body/value']",
          "metadata": {
            "operationMetadataId": "bb4c6790-9407-4952-9884-cc67f1d79d1b"
          },
          "type": "OpenApiConnectionWebhook",
          "inputs": {
            "host": {
              "connectionName": "shared_microsoftforms",
              "operationId": "CreateFormWebhook",
              "apiId": "/providers/Microsoft.PowerApps/apis/shared_microsoftforms"
            },
            "parameters": {
              "form_id": "BIQER23xIUuKVYrF1-chloYkj9HAg3BGhSiTCmyBQa1UNzE0MzlPRkxTMEoyTDQxVDFBQzg2S0dOSCQlQCN0PWcu"
            },
            "authentication": "@parameters('$authentication')"
          }
        }
      },
      "actions": {
        "Get_response_details": {
          "runAfter": {},
          "metadata": {
            "operationMetadataId": "96a697a1-1d20-4d70-a188-be949e8267b2"
          },
          "type": "OpenApiConnection",
          "inputs": {
            "host": {
              "connectionName": "shared_microsoftforms",
              "operationId": "GetFormResponseById",
              "apiId": "/providers/Microsoft.PowerApps/apis/shared_microsoftforms"
            },
            "parameters": {
              "form_id": "BIQER23xIUuKVYrF1-chloYkj9HAg3BGhSiTCmyBQa1UNzE0MzlPRkxTMEoyTDQxVDFBQzg2S0dOSCQlQCN0PWcu",
              "response_id": "@triggerOutputs()?['body/resourceData/responseId']"
            },
            "authentication": "@parameters('$authentication')"
          }
        },
        "Get_Corten_House_Record": {
          "runAfter": {
            "Get_response_details": [
              "Succeeded"
            ]
          },
          "metadata": {
            "operationMetadataId": "282005d7-3975-4671-96de-b9f018a98756"
          },
          "type": "OpenApiConnection",
          "inputs": {
            "host": {
              "connectionName": "shared_commondataserviceforapps",
              "operationId": "ListRecords",
              "apiId": "/providers/Microsoft.PowerApps/apis/shared_commondataserviceforapps"
            },
            "parameters": {
              "entityName": "new_vmlocations",
              "$filter": "new_name eq 'Corten House'"
            },
            "authentication": "@parameters('$authentication')"
          }
        },
        "Corten_House_Id": {
          "runAfter": {
            "Get_Purpose_Record": [
              "Succeeded"
            ]
          },
          "metadata": {
            "operationMetadataId": "8dcd6448-761a-4901-ab25-ef6bf254b541"
          },
          "type": "Compose",
          "inputs": "@first(outputs('Get_Corten_House_Record')?['body/value'])?['new_VMLocationid']"
        },
        "Get_Purpose_Record": {
          "runAfter": {
            "Get_Corten_House_Record": [
              "Succeeded"
            ]
          },
          "metadata": {
            "operationMetadataId": "2c3b46ad-cb82-4982-9460-af61c76360e7"
          },
          "type": "OpenApiConnection",
          "inputs": {
            "host": {
              "connectionName": "shared_commondataserviceforapps",
              "operationId": "ListRecords",
              "apiId": "/providers/Microsoft.PowerApps/apis/shared_commondataserviceforapps"
            },
            "parameters": {
              "entityName": "new_vmpurposes",
              "$filter": "new_purposeofvisit eq '@{outputs('Get_response_details')?['body/r4e473e941191457da56febf2094b3e85']}'"
            },
            "authentication": "@parameters('$authentication')"
          }
        },
        "Purpose_ID": {
          "runAfter": {
            "Corten_House_Id": [
              "Succeeded"
            ]
          },
          "metadata": {
            "operationMetadataId": "9025fdaa-4e9b-4c63-bbda-2f62d42d4440"
          },
          "type": "Compose",
          "inputs": "@first(outputs('Get_Purpose_Record')?['body/value'])?['new_VMPurposeId']"
        },
        "Add_a_new_row": {
          "runAfter": {
            "Purpose_ID": [
              "Succeeded"
            ]
          },
          "metadata": {
            "operationMetadataId": "3746baf5-13f3-434f-b8c2-0595998f5e62"
          },
          "type": "OpenApiConnection",
          "inputs": {
            "host": {
              "connectionName": "shared_commondataserviceforapps",
              "operationId": "CreateRecord",
              "apiId": "/providers/Microsoft.PowerApps/apis/shared_commondataserviceforapps"
            },
            "parameters": {
              "entityName": "new_vmbookings",
              "item/new_bookingdate": "@outputs('Get_response_details')?['body/r3ad81107487c4430b34ecf70f27fb6c3']",
              "item/new_companyname": "@outputs('Get_response_details')?['body/r644886ad5adc4b5c9984d580b3d3ddd3']",
              "item/new_emailaddress": "@outputs('Get_response_details')?['body/rd7a7df31439341a8947a03925ff62bc7']",
              "item/new_firstname": "@outputs('Get_response_details')?['body/r02d61e831aac4e1d84a09042cb210ecb']",
              "item/new_LocationLink@odata.bind": "/new_vmlocations(@{outputs('Corten_House_Id')})",
              "item/new_PurposeLink@odata.bind": "/new_vmpurposes(@{outputs('Purpose_ID')})",
              "item/new_secondname": "@outputs('Get_response_details')?['body/r21e9ddbef3bd40958e7a5d95611095f9']",
              "item/new_submituser": "@outputs('Get_response_details')?['body/responder']",
              "item/new_whotosee": "@outputs('Get_response_details')?['body/r3ca117bb46d74f47b20ab4137e70f9f3']"
            },
            "authentication": "@parameters('$authentication')"
          }
        },
        "Send_an_email_from_a_shared_mailbox_(V2)": {
          "runAfter": {
            "Add_a_new_row": [
              "Succeeded"
            ]
          },
          "metadata": {
            "operationMetadataId": "56521ae8-7781-498c-8b66-e8484dacc9ef"
          },
          "type": "OpenApiConnection",
          "inputs": {
            "host": {
              "connectionName": "shared_office365",
              "operationId": "SharedMailboxSendEmailV2",
              "apiId": "/providers/Microsoft.PowerApps/apis/shared_office365"
            },
            "parameters": {
              "emailMessage/MailboxAddress": "@parameters('VM Mailbox Email Address (new_VMMailboxEmailAddress)')",
              "emailMessage/To": "@outputs('Get_response_details')?['body/responder']",
              "emailMessage/Subject": "Corten House Booking submitted",
              "emailMessage/Body": "<p>A Booking has been submitted for Corten House for which you are specified as the Contact. The details are below :-<br>\n<br>\nBooking Date: &nbsp;&nbsp;  @{formatDateTime(outputs('Get_response_details')?['body/r4a93013ca7664f19b06aba66115f51c5'],'MM-dd-yyyy')}<br>\nFirst Name: &nbsp;&nbsp;&nbsp;&nbsp;&nbsp;&nbsp; &nbsp;@{outputs('Get_response_details')?['body/r02d61e831aac4e1d84a09042cb210ecb']}<br>\nSecond Name: &nbsp;  @{outputs('Get_response_details')?['body/r21e9ddbef3bd40958e7a5d95611095f9']}<br>\nPurpose of Visit: &nbsp;@{outputs('Get_response_details')?['body/r5440ebfef91f47c299cfbce87ed4efd7']}<br>\nCompany Name: @{outputs('Get_response_details')?['body/r644886ad5adc4b5c9984d580b3d3ddd3']}<br>\nEmail Address: &nbsp;&nbsp;&nbsp;@{outputs('Get_response_details')?['body/rd7a7df31439341a8947a03925ff62bc7']}<br>\nWho To See: &nbsp;&nbsp;&nbsp;&nbsp;&nbsp;&nbsp;@{outputs('Get_response_details')?['body/r3ca117bb46d74f47b20ab4137e70f9f3']}<br>\nContact Email: &nbsp; &nbsp;@{outputs('Get_response_details')?['body/responder']}</p>",
              "emailMessage/Importance": "Normal"
            },
            "authentication": "@parameters('$authentication')"
          }
        }
      }
    },
    "templateName": ""
  },
  "schemaVersion": "1.0.0.0"
}