{
  "properties": {
    "connectionReferences": {
      "shared_sharepointonline": {
        "runtimeSource": "embedded",
        "connection": {
          "connectionReferenceLogicalName": "new_sharedsharepointonline_0e33f"
        },
        "api": {
          "name": "shared_sharepointonline"
        }
      }
    },
    "definition": {
      "$schema": "https://schema.management.azure.com/providers/Microsoft.Logic/schemas/2016-06-01/workflowdefinition.json#",
      "contentVersion": "1.0.0.0",
      "parameters": {
        "$connections": {
          "defaultValue": {},
          "type": "Object"
        },
        "$authentication": {
          "defaultValue": {},
          "type": "SecureObject"
        },
        "VM Sharepoint Site (new_VMSharepointSite)": {
          "defaultValue": "https://durhamcountycouncil.sharepoint.com/sites/AppsandF",
          "type": "String",
          "metadata": {
            "schemaName": "new_VMSharepointSite"
          }
        },
        "VM Sharepoint List (new_VMSharepointList)": {
          "defaultValue": "fb4d8bab-6934-4556-8f8a-71d89875e2a9",
          "type": "String",
          "metadata": {
            "schemaName": "new_VMSharepointList"
          }
        }
      },
      "triggers": {
        "Recurrence": {
          "recurrence": {
            "frequency": "Day",
            "interval": 1,
            "timeZone": "GMT Standard Time",
            "schedule": {
              "hours": [
                "1"
              ]
            }
          },
          "metadata": {
            "operationMetadataId": "8b032d06-7cef-4834-9d00-ebd5a7414f95"
          },
          "type": "Recurrence"
        }
      },
      "actions": {
        "Apply_to_each": {
          "foreach": "@outputs('Get_items')?['body/value']",
          "actions": {
            "Delete_item": {
              "runAfter": {},
              "metadata": {
                "operationMetadataId": "da814282-d7d3-4a3c-8d22-b6ef5cf3b5e1"
              },
              "type": "OpenApiConnection",
              "inputs": {
                "host": {
                  "connectionName": "shared_sharepointonline",
                  "operationId": "DeleteItem",
                  "apiId": "/providers/Microsoft.PowerApps/apis/shared_sharepointonline"
                },
                "parameters": {
                  "dataset": "@parameters('VM Sharepoint Site (new_VMSharepointSite)')",
                  "table": "@parameters('VM Sharepoint List (new_VMSharepointList)')",
                  "id": "@items('Apply_to_each')?['ID']"
                },
                "authentication": "@parameters('$authentication')"
              }
            }
          },
          "runAfter": {
            "Get_items": [
              "Succeeded"
            ]
          },
          "metadata": {
            "operationMetadataId": "af10317a-f463-4552-9824-8f9c998a1d05"
          },
          "type": "Foreach"
        },
        "Get_items": {
          "runAfter": {},
          "metadata": {
            "operationMetadataId": "5adf015f-ca88-4cdd-be55-93272f6a8717"
          },
          "type": "OpenApiConnection",
          "inputs": {
            "host": {
              "connectionName": "shared_sharepointonline",
              "operationId": "GetItems",
              "apiId": "/providers/Microsoft.PowerApps/apis/shared_sharepointonline"
            },
            "parameters": {
              "dataset": "@parameters('VM Sharepoint Site (new_VMSharepointSite)')",
              "table": "@parameters('VM Sharepoint List (new_VMSharepointList)')",
              "$filter": "Dateofvisit lt  '@{addDays(utcNow(),-21,'yyyy-MM-dd')}'"
            },
            "authentication": "@parameters('$authentication')"
          }
        }
      }
    },
    "templateName": ""
  },
  "schemaVersion": "1.0.0.0"
}