{
  "properties": {
    "connectionReferences": {
      "shared_commondataserviceforapps": {
        "runtimeSource": "embedded",
        "connection": {
          "connectionReferenceLogicalName": "new_sharedcommondataserviceforapps_f7b17"
        },
        "api": {
          "name": "shared_commondataserviceforapps"
        }
      },
      "shared_office365": {
        "runtimeSource": "invoker",
        "connection": {
          "connectionReferenceLogicalName": "new_sharedoffice365_68909"
        },
        "api": {
          "name": "shared_office365"
        }
      }
    },
    "definition": {
      "$schema": "https://schema.management.azure.com/providers/Microsoft.Logic/schemas/2016-06-01/workflowdefinition.json#",
      "contentVersion": "1.0.0.0",
      "parameters": {
        "$connections": {
          "defaultValue": {},
          "type": "Object"
        },
        "$authentication": {
          "defaultValue": {},
          "type": "SecureObject"
        },
        "VM Mailbox Email Address (new_VMMailboxEmailAddress)": {
          "defaultValue": "PowerAutomateDev@durham.gov.uk",
          "type": "String",
          "metadata": {
            "schemaName": "new_VMMailboxEmailAddress"
          }
        }
      },
      "triggers": {
        "manual": {
          "metadata": {
            "operationMetadataId": "16716d2f-c060-40b8-9414-1a7e4ba3cd5d"
          },
          "type": "Request",
          "kind": "PowerAppV2",
          "inputs": {
            "schema": {
              "type": "object",
              "properties": {
                "text": {
                  "title": "Email Address",
                  "type": "string",
                  "x-ms-dynamically-added": true,
                  "description": "Please enter your input",
                  "x-ms-content-hint": "TEXT"
                },
                "text_1": {
                  "title": "Location String",
                  "type": "string",
                  "x-ms-dynamically-added": true,
                  "description": "Please enter your input",
                  "x-ms-content-hint": "TEXT"
                }
              },
              "required": [
                "text",
                "text_1"
              ]
            }
          }
        }
      },
      "actions": {
        "Create_HTML_table": {
          "runAfter": {
            "Filter_array": [
              "Succeeded"
            ]
          },
          "metadata": {
            "operationMetadataId": "e60546d0-0c88-434a-a995-9dcb7f23a9e9"
          },
          "type": "Table",
          "inputs": {
            "from": "@body('Filter_array')",
            "format": "HTML",
            "columns": [
              {
                "header": "Name",
                "value": "@{item()?['new_firstname']}@{item()?['new_secondname']}"
              },
              {
                "header": "SignedIn",
                "value": "@formatDateTime(parseDateTime(item()?['new_signintime']), 'MMMM d, yyyy h:mm tt', 'en')"
              },
              {
                "header": "ExtraAssistance",
                "value": "@item()?['new_extraassistancedescription']"
              },
              {
                "header": "Location",
                "value": "@item()?['new_locationdescription']"
              },
              {
                "header": "Purpose",
                "value": "@item()?['new_purposedescription']"
              }
            ]
          }
        },
        "List_rows": {
          "runAfter": {
            "Compose_3": [
              "Succeeded"
            ]
          },
          "metadata": {
            "operationMetadataId": "f6437133-b9a9-4a5f-a517-0271066b90cb"
          },
          "type": "OpenApiConnection",
          "inputs": {
            "host": {
              "connectionName": "shared_commondataserviceforapps",
              "operationId": "ListRecords",
              "apiId": "/providers/Microsoft.PowerApps/apis/shared_commondataserviceforapps"
            },
            "parameters": {
              "entityName": "new_visitorlogs",
              "$filter": "new_signouttime eq null",
              "$orderby": "new_signintime"
            },
            "authentication": "@parameters('$authentication')"
          }
        },
        "Compose": {
          "runAfter": {
            "Create_HTML_table": [
              "Succeeded"
            ]
          },
          "metadata": {
            "operationMetadataId": "4eb34a8a-517d-4733-b56d-5d2fd58f0c21"
          },
          "type": "Compose",
          "inputs": "@replace(replace(replace(replace(replace(body('Create_HTML_table'), '&lt;', '<'), '&gt;', '>'), '&quot;', '\"'), '&amp;', '&'), '<table>', '<table border=\"1\" padding=\"20\">')"
        },
        "Compose_2": {
          "runAfter": {},
          "metadata": {
            "operationMetadataId": "d264d610-f9f2-4c03-8450-0c127e613498"
          },
          "type": "Compose",
          "inputs": "@triggerBody()['text_1']"
        },
        "Parse_JSON": {
          "runAfter": {
            "Compose_2": [
              "Succeeded"
            ]
          },
          "metadata": {
            "operationMetadataId": "4c5b360e-d11c-41aa-bd7f-1226fe4572c1"
          },
          "type": "ParseJson",
          "inputs": {
            "content": "@triggerBody()['text_1']",
            "schema": {
              "type": "array",
              "items": {
                "type": "object",
                "properties": {
                  "new_name": {
                    "type": "string"
                  }
                },
                "required": [
                  "new_name"
                ]
              }
            }
          }
        },
        "Apply_to_each": {
          "foreach": "@body('Parse_JSON')",
          "actions": {
            "Append_to_array_variable": {
              "runAfter": {},
              "metadata": {
                "operationMetadataId": "80d61daf-4c4d-4b50-a18a-e41a3cf3af06"
              },
              "type": "AppendToArrayVariable",
              "inputs": {
                "name": "varLocations",
                "value": "@items('Apply_to_each')['new_name']"
              }
            }
          },
          "runAfter": {
            "Initialize_variable": [
              "Succeeded"
            ]
          },
          "metadata": {
            "operationMetadataId": "7099a46c-e184-48b4-ac30-49c23035bdf2"
          },
          "type": "Foreach"
        },
        "Initialize_variable": {
          "runAfter": {
            "Parse_JSON": [
              "Succeeded"
            ]
          },
          "metadata": {
            "operationMetadataId": "d36cb71f-b05c-47aa-9652-94813f72ca3b"
          },
          "type": "InitializeVariable",
          "inputs": {
            "variables": [
              {
                "name": "varLocations",
                "type": "array"
              }
            ]
          }
        },
        "Compose_3": {
          "runAfter": {
            "Apply_to_each": [
              "Succeeded"
            ]
          },
          "metadata": {
            "operationMetadataId": "fa29aba1-f17b-4da9-aae3-ad534f754eee"
          },
          "type": "Compose",
          "inputs": "@contains(variables('varLocations'),'Plexus - 2')"
        },
        "Filter_array": {
          "runAfter": {
            "List_rows": [
              "Succeeded"
            ]
          },
          "metadata": {
            "operationMetadataId": "29ee5f3e-63b2-4b13-b77f-13ae5e845ef8"
          },
          "type": "Query",
          "inputs": {
            "from": "@outputs('List_rows')?['body/value']",
            "where": "@contains(variables('varLocations'), item()?['new_locationdescription'])"
          }
        },
        "Send_an_email_from_a_shared_mailbox_(V2)": {
          "runAfter": {
            "Compose": [
              "Succeeded"
            ]
          },
          "metadata": {
            "operationMetadataId": "eb0ddfbe-daf5-4075-b085-f9bfde56c6ed"
          },
          "type": "OpenApiConnection",
          "inputs": {
            "host": {
              "connectionName": "shared_office365",
              "operationId": "SharedMailboxSendEmailV2",
              "apiId": "/providers/Microsoft.PowerApps/apis/shared_office365"
            },
            "parameters": {
              "emailMessage/MailboxAddress": "@parameters('VM Mailbox Email Address (new_VMMailboxEmailAddress)')",
              "emailMessage/To": "@triggerBody()['text']",
              "emailMessage/Subject": "Visitor Management Evacuation Report",
              "emailMessage/Body": "<p>Please find the list of people currently signed in below :-<br>\n<br>\n@{outputs('Compose')}</p>",
              "emailMessage/Importance": "Normal"
            },
            "authentication": "@parameters('$authentication')"
          }
        }
      }
    },
    "templateName": ""
  },
  "schemaVersion": "1.0.0.0"
}