{
  "properties": {
    "connectionReferences": {
      "shared_office365": {
        "runtimeSource": "embedded",
        "connection": {
          "connectionReferenceLogicalName": "new_sharedoffice365_68909"
        },
        "api": {
          "name": "shared_office365"
        }
      }
    },
    "definition": {
      "$schema": "https://schema.management.azure.com/providers/Microsoft.Logic/schemas/2016-06-01/workflowdefinition.json#",
      "contentVersion": "1.0.0.0",
      "parameters": {
        "$connections": {
          "defaultValue": {},
          "type": "Object"
        },
        "$authentication": {
          "defaultValue": {},
          "type": "SecureObject"
        },
        "VM Mailbox Email Address (new_VMMailboxEmailAddress)": {
          "defaultValue": "powerapps@durham.gov.uk",
          "type": "String",
          "metadata": {
            "schemaName": "new_VMMailboxEmailAddress"
          }
        }
      },
      "triggers": {
        "manual": {
          "metadata": {
            "operationMetadataId": "4076d35d-2e0d-4f71-bc05-b2753bd15cfc"
          },
          "type": "Request",
          "kind": "PowerAppV2",
          "inputs": {
            "schema": {
              "type": "object",
              "properties": {
                "text": {
                  "title": "Email To",
                  "type": "string",
                  "x-ms-dynamically-added": true,
                  "description": "Please enter your input",
                  "x-ms-content-hint": "TEXT"
                },
                "text_1": {
                  "title": "Location",
                  "type": "string",
                  "x-ms-dynamically-added": true,
                  "description": "Please enter your input",
                  "x-ms-content-hint": "TEXT"
                },
                "text_2": {
                  "title": "Name",
                  "type": "string",
                  "x-ms-dynamically-added": true,
                  "description": "Please enter your input",
                  "x-ms-content-hint": "TEXT"
                },
                "text_3": {
                  "title": "Purpose",
                  "type": "string",
                  "x-ms-dynamically-added": true,
                  "description": "Please enter your input",
                  "x-ms-content-hint": "TEXT"
                }
              },
              "required": [
                "text",
                "text_1",
                "text_2",
                "text_3"
              ]
            }
          }
        }
      },
      "actions": {
        "Send_an_email_from_a_shared_mailbox_(V2)": {
          "runAfter": {},
          "metadata": {
            "operationMetadataId": "60969abf-f5c9-4373-bccc-1b6b0c287bc3"
          },
          "type": "OpenApiConnection",
          "inputs": {
            "host": {
              "apiId": "/providers/Microsoft.PowerApps/apis/shared_office365",
              "connectionName": "shared_office365",
              "operationId": "SharedMailboxSendEmailV2"
            },
            "parameters": {
              "emailMessage/MailboxAddress": "@parameters('VM Mailbox Email Address (new_VMMailboxEmailAddress)')",
              "emailMessage/To": "@triggerBody()['text']",
              "emailMessage/Subject": "A Visitor who asked for Extra Assistance at @{triggerBody()['text_1']} has signed out.",
              "emailMessage/Body": "<p>&nbsp;Visitor who asked for Extra Assistance has signed out please find the details below :-<br>\n<br>\nName &nbsp;&nbsp;&nbsp;&nbsp;: @{triggerBody()['text_2']}<br>\n<br>\nPurpose : @{triggerBody()['text_3']}<br>\n</p>",
              "emailMessage/Importance": "Normal"
            },
            "authentication": {
              "value": "@json(decodeBase64(triggerOutputs().headers['X-MS-APIM-Tokens']))['$ConnectionKey']",
              "type": "Raw"
            }
          }
        }
      }
    },
    "templateName": null
  },
  "schemaVersion": "1.0.0.0"
}