{
  "properties": {
    "connectionReferences": {
      "shared_onedriveforbusiness_1": {
        "runtimeSource": "invoker",
        "connection": {
          "connectionReferenceLogicalName": "new_sharedonedriveforbusiness_85d46"
        },
        "api": {
          "name": "shared_onedriveforbusiness"
        }
      },
      "shared_commondataserviceforapps": {
        "runtimeSource": "embedded",
        "connection": {
          "connectionReferenceLogicalName": "new_sharedcommondataserviceforapps_f7b17"
        },
        "api": {
          "name": "shared_commondataserviceforapps"
        }
      }
    },
    "definition": {
      "$schema": "https://schema.management.azure.com/providers/Microsoft.Logic/schemas/2016-06-01/workflowdefinition.json#",
      "contentVersion": "1.0.0.0",
      "parameters": {
        "$connections": {
          "defaultValue": {},
          "type": "Object"
        },
        "$authentication": {
          "defaultValue": {},
          "type": "SecureObject"
        },
        "Barcode Url (new_BarcodeUrl)": {
          "defaultValue": "https://bwipjs-api.metafloor.com/?bcid=qrcode&text=",
          "type": "String",
          "metadata": {
            "schemaName": "new_BarcodeUrl",
            "description": "The Visitor Management System uses an external service to create barcodes"
          }
        }
      },
      "triggers": {
        "manual": {
          "metadata": {
            "operationMetadataId": "7aa6dec8-5530-40b0-b4dd-49c16bb6a074"
          },
          "type": "Request",
          "kind": "PowerApp",
          "inputs": {
            "schema": {
              "type": "object",
              "properties": {
                "VisitorCardHtml_Value": {
                  "type": "string",
                  "description": "Enter initial value",
                  "x-ms-powerflows-param-ispartial": false
                },
                "Barcode_Value": {
                  "type": "string",
                  "description": "Enter initial value",
                  "x-ms-powerflows-param-ispartial": false
                },
                "PrinterId_Value": {
                  "type": "string",
                  "description": "Enter initial value",
                  "x-ms-powerflows-param-ispartial": false
                },
                "CardLogo_Value": {
                  "type": "string",
                  "description": "Enter initial value",
                  "x-ms-powerflows-param-ispartial": false
                }
              },
              "required": [
                "VisitorCardHtml_Value",
                "Barcode_Value",
                "PrinterId_Value",
                "CardLogo_Value"
              ]
            }
          }
        }
      },
      "actions": {
        "Base64_PDF": {
          "runAfter": {
            "PrintNode_Authorization": [
              "Succeeded"
            ]
          },
          "metadata": {
            "operationMetadataId": "38504cd3-a2fb-469c-8929-f62439d8ca72"
          },
          "type": "Compose",
          "inputs": "@base64(outputs('Get_file_content')?['body'])"
        },
        "PrintNode_Authorization": {
          "runAfter": {
            "Apply_to_each": [
              "Succeeded"
            ]
          },
          "metadata": {
            "operationMetadataId": "87677d16-d70b-4810-bc3a-e7aa4cf3c19c"
          },
          "type": "Compose",
          "inputs": "Basic @{base64('z-AnFYysVFl1akQjOmD0MrxS19s8g1lJ-sO20K-npb0')}",
          "description": "base64('omtquxLZBq-_MD7nHWGBwDOT9WKbvNeyLpybOLGnhhw')"
        },
        "Get_file_content": {
          "runAfter": {
            "Create_file_2": [
              "Succeeded"
            ]
          },
          "metadata": {
            "operationMetadataId": "738371cd-3feb-464b-aef4-9337c48a098c"
          },
          "type": "OpenApiConnection",
          "inputs": {
            "host": {
              "connectionName": "shared_onedriveforbusiness_1",
              "operationId": "GetFileContent",
              "apiId": "/providers/Microsoft.PowerApps/apis/shared_onedriveforbusiness"
            },
            "parameters": {
              "id": "@outputs('Create_file_2')?['body/Id']",
              "inferContentType": true
            },
            "authentication": {
              "type": "Raw",
              "value": "@json(decodeBase64(triggerOutputs().headers['X-MS-APIM-Tokens']))['$ConnectionKey']"
            }
          }
        },
        "Create_file_2": {
          "runAfter": {
            "Convert_file": [
              "Succeeded"
            ]
          },
          "metadata": {
            "operationMetadataId": "ce179fdd-fbe4-4a00-bce6-ae64ad681fdf"
          },
          "type": "OpenApiConnection",
          "inputs": {
            "host": {
              "connectionName": "shared_onedriveforbusiness_1",
              "operationId": "CreateFile",
              "apiId": "/providers/Microsoft.PowerApps/apis/shared_onedriveforbusiness"
            },
            "parameters": {
              "folderPath": "/Visitor Management",
              "name": "@{variables('Barcode')}.pdf",
              "body": "@outputs('Convert_file')?['body']"
            },
            "authentication": {
              "type": "Raw",
              "value": "@json(decodeBase64(triggerOutputs().headers['X-MS-APIM-Tokens']))['$ConnectionKey']"
            }
          },
          "runtimeConfiguration": {
            "contentTransfer": {
              "transferMode": "Chunked"
            }
          }
        },
        "Convert_file": {
          "runAfter": {
            "Create_file": [
              "Succeeded"
            ]
          },
          "metadata": {
            "operationMetadataId": "51c98911-5400-44ce-928f-c96b245c5b99"
          },
          "type": "OpenApiConnection",
          "inputs": {
            "host": {
              "connectionName": "shared_onedriveforbusiness_1",
              "operationId": "ConvertFile",
              "apiId": "/providers/Microsoft.PowerApps/apis/shared_onedriveforbusiness"
            },
            "parameters": {
              "id": "@outputs('Create_file')?['body/Id']",
              "type": "PDF"
            },
            "authentication": {
              "type": "Raw",
              "value": "@json(decodeBase64(triggerOutputs().headers['X-MS-APIM-Tokens']))['$ConnectionKey']"
            }
          }
        },
        "Create_file": {
          "runAfter": {
            "Add_logo_image_to_Visitor_Card_HTML": [
              "Succeeded"
            ]
          },
          "metadata": {
            "operationMetadataId": "d33a545d-e157-4c78-9955-7bda88cb6b2f"
          },
          "type": "OpenApiConnection",
          "inputs": {
            "host": {
              "connectionName": "shared_onedriveforbusiness_1",
              "operationId": "CreateFile",
              "apiId": "/providers/Microsoft.PowerApps/apis/shared_onedriveforbusiness"
            },
            "parameters": {
              "folderPath": "/Visitor Management/",
              "name": "@{variables('Barcode')}.html",
              "body": "@outputs('Add_barcode_link_to_Visitor_Card_HTML')"
            },
            "authentication": {
              "type": "Raw",
              "value": "@json(decodeBase64(triggerOutputs().headers['X-MS-APIM-Tokens']))['$ConnectionKey']"
            }
          },
          "runtimeConfiguration": {
            "contentTransfer": {
              "transferMode": "Chunked"
            }
          }
        },
        "Add_barcode_link_to_Visitor_Card_HTML": {
          "runAfter": {
            "Set_BarcodeLink": [
              "Succeeded"
            ]
          },
          "metadata": {
            "operationMetadataId": "a334b727-7f14-46e6-a16e-9b926d9819c8"
          },
          "type": "Compose",
          "inputs": "@replace(variables('VisitorCardHtml'),'{barcode}',variables('BarcodeLink'))",
          "description": "replace(variables('VisitorCardHtml'),'{barcode}',variables('BarcodeLink'))"
        },
        "VisitorCardHtml": {
          "runAfter": {},
          "metadata": {
            "operationMetadataId": "c70d8fdc-9884-4383-bfc9-c29167a862bc"
          },
          "type": "InitializeVariable",
          "inputs": {
            "variables": [
              {
                "name": "VisitorCardHtml",
                "type": "string",
                "value": "@{triggerBody()['VisitorCardHtml_Value']}"
              }
            ]
          }
        },
        "Barcode": {
          "runAfter": {
            "Card_Logo": [
              "Succeeded"
            ]
          },
          "metadata": {
            "operationMetadataId": "3bbd569c-1c81-483e-ad2e-9d364efd758c"
          },
          "type": "InitializeVariable",
          "inputs": {
            "variables": [
              {
                "name": "Barcode",
                "type": "string",
                "value": "@{triggerBody()['Barcode_Value']}"
              }
            ]
          }
        },
        "Get_Barcode": {
          "runAfter": {
            "BarcodeLink": [
              "Succeeded"
            ]
          },
          "metadata": {
            "operationMetadataId": "e53cce86-0a89-4db4-a54d-1abfff35967e"
          },
          "type": "Http",
          "inputs": {
            "method": "GET",
            "uri": "@{parameters('Barcode Url (new_BarcodeUrl)')}@{variables('Barcode')} &scale=1'"
          }
        },
        "Set_BarcodeLink": {
          "runAfter": {
            "Get_Barcode": [
              "Succeeded"
            ]
          },
          "metadata": {
            "operationMetadataId": "c4f16696-4b5f-4622-b8d9-b2ed9dc33976"
          },
          "type": "SetVariable",
          "inputs": {
            "name": "BarcodeLink",
            "value": "data:image/png;base64, @{body('Get_Barcode')?['$content']}"
          }
        },
        "BarcodeLink": {
          "runAfter": {
            "PrinterId": [
              "Succeeded"
            ]
          },
          "metadata": {
            "operationMetadataId": "39774edf-bac7-4922-a103-34fa14bd4eda"
          },
          "type": "InitializeVariable",
          "inputs": {
            "variables": [
              {
                "name": "BarcodeLink",
                "type": "string"
              }
            ]
          }
        },
        "PrinterId": {
          "runAfter": {
            "Barcode": [
              "Succeeded"
            ]
          },
          "metadata": {
            "operationMetadataId": "b0980336-64d9-488a-b4f0-210710931f7e"
          },
          "type": "InitializeVariable",
          "inputs": {
            "variables": [
              {
                "name": "PrinterId",
                "type": "string",
                "value": "@{triggerBody()['PrinterId_Value']}"
              }
            ]
          }
        },
        "List_rows": {
          "runAfter": {
            "Get_file_content": [
              "Succeeded"
            ]
          },
          "metadata": {
            "operationMetadataId": "11c7c93a-862d-4ca5-a316-928d54dc1092"
          },
          "type": "OpenApiConnection",
          "inputs": {
            "host": {
              "connectionName": "shared_commondataserviceforapps",
              "operationId": "ListRecords",
              "apiId": "/providers/Microsoft.PowerApps/apis/shared_commondataserviceforapps"
            },
            "parameters": {
              "entityName": "new_visitorlogs",
              "$filter": "new_barcode eq '@{triggerBody()['Barcode_Value']}'"
            },
            "authentication": {
              "type": "Raw",
              "value": "@json(decodeBase64(triggerOutputs().headers['X-MS-APIM-Tokens']))['$ConnectionKey']"
            }
          }
        },
        "Apply_to_each": {
          "foreach": "@outputs('List_rows')?['body/value']",
          "actions": {
            "Upload_a_file_or_an_image": {
              "runAfter": {},
              "metadata": {
                "operationMetadataId": "43997e49-654f-4d05-aa3c-96155319ece7"
              },
              "type": "OpenApiConnection",
              "inputs": {
                "host": {
                  "connectionName": "shared_commondataserviceforapps",
                  "operationId": "UpdateEntityFileImageFieldContent",
                  "apiId": "/providers/Microsoft.PowerApps/apis/shared_commondataserviceforapps"
                },
                "parameters": {
                  "entityName": "new_visitorlogs",
                  "recordId": "@items('Apply_to_each')?['new_visitorlogid']",
                  "fileImageFieldName": "new_visitorpass",
                  "item": "@body('Get_file_content')",
                  "x-ms-file-name": "@outputs('Create_file_2')?['body/Name']"
                },
                "authentication": {
                  "type": "Raw",
                  "value": "@json(decodeBase64(triggerOutputs().headers['X-MS-APIM-Tokens']))['$ConnectionKey']"
                }
              }
            }
          },
          "runAfter": {
            "List_rows": [
              "Succeeded"
            ]
          },
          "metadata": {
            "operationMetadataId": "02157c7e-db75-43a8-800b-46960fc26710"
          },
          "type": "Foreach"
        },
        "Card_Logo": {
          "runAfter": {
            "VisitorCardHtml": [
              "Succeeded"
            ]
          },
          "metadata": {
            "operationMetadataId": "905ac301-e356-4da3-9bbd-c4b6c36671b7"
          },
          "type": "InitializeVariable",
          "inputs": {
            "variables": [
              {
                "name": "Card Logo",
                "type": "string",
                "value": "@{triggerBody()['CardLogo_Value']}"
              }
            ]
          }
        },
        "Add_logo_image_to_Visitor_Card_HTML": {
          "runAfter": {
            "Add_barcode_link_to_Visitor_Card_HTML": [
              "Succeeded"
            ]
          },
          "metadata": {
            "operationMetadataId": "a334b727-7f14-46e6-a16e-9b926d9819c8"
          },
          "type": "Compose",
          "inputs": "@replace(variables('VisitorCardHtml'), '{cardlogo}', variables('Card Logo'))",
          "description": "replace(variables('VisitorCardHtml'), '{cardlogo}', variables('Card Logo'))"
        },
        "Scope": {
          "actions": {
            "Print_PDF_via_PrintNode": {
              "runAfter": {},
              "metadata": {
                "operationMetadataId": "d19d8f3a-15d5-47c1-82a6-5e03aaa29302"
              },
              "type": "Http",
              "inputs": {
                "method": "POST",
                "uri": "https://api.printnode.com/printjobs",
                "headers": {
                  "Authorization": "@{outputs('PrintNode_Authorization')}",
                  "Content-type": "application/json"
                },
                "body": {
                  "printerId": "@variables('PrinterId')",
                  "title": "@{variables('Barcode')}",
                  "contentType": "pdf_base64",
                  "content": "@{outputs('Base64_PDF')}",
                  "source": "Visitor Management App",
                  "rotate": 90
                }
              }
            }
          },
          "runAfter": {
            "Base64_PDF": [
              "Succeeded"
            ]
          },
          "metadata": {
            "operationMetadataId": "c45f8a28-6111-4e55-a369-c926c9b1b7e2"
          },
          "type": "Scope"
        },
        "Respond_on_Success": {
          "runAfter": {
            "Scope": [
              "Succeeded"
            ]
          },
          "metadata": {
            "operationMetadataId": "14039a06-07af-4b83-bf56-1b479a4e73eb"
          },
          "type": "Response",
          "kind": "PowerApp",
          "inputs": {
            "statusCode": 200,
            "body": {
              "outcome": "Success"
            },
            "schema": {
              "type": "object",
              "properties": {
                "outcome": {
                  "title": "Outcome",
                  "x-ms-dynamically-added": true,
                  "type": "string"
                }
              }
            }
          }
        },
        "Respond_on_Failure": {
          "runAfter": {
            "Scope": [
              "Failed",
              "TimedOut"
            ]
          },
          "metadata": {
            "operationMetadataId": "104ef54f-625d-4f2e-a195-cb42f4e6c7f2"
          },
          "type": "Response",
          "kind": "PowerApp",
          "inputs": {
            "statusCode": 200,
            "body": {
              "outcome": "Failure"
            },
            "schema": {
              "type": "object",
              "properties": {
                "outcome": {
                  "title": "Outcome",
                  "x-ms-dynamically-added": true,
                  "type": "string"
                }
              }
            }
          }
        }
      }
    },
    "templateName": ""
  },
  "schemaVersion": "1.0.0.0"
}