{
  "properties": {
    "connectionReferences": {
      "shared_onedriveforbusiness_1": {
        "runtimeSource": "invoker",
        "connection": {
          "connectionReferenceLogicalName": "new_sharedonedriveforbusiness_85d46"
        },
        "api": {
          "name": "shared_onedriveforbusiness"
        }
      },
      "shared_commondataserviceforapps": {
        "runtimeSource": "embedded",
        "connection": {
          "connectionReferenceLogicalName": "new_sharedcommondataserviceforapps_f7b17"
        },
        "api": {
          "name": "shared_commondataserviceforapps"
        }
      }
    },
    "definition": {
      "$schema": "https://schema.management.azure.com/providers/Microsoft.Logic/schemas/2016-06-01/workflowdefinition.json#",
      "contentVersion": "1.0.0.0",
      "parameters": {
        "$connections": {
          "defaultValue": {},
          "type": "Object"
        },
        "$authentication": {
          "defaultValue": {},
          "type": "SecureObject"
        },
        "Barcode Url (new_BarcodeUrl)": {
          "defaultValue": "https://bwipjs-api.metafloor.com/?bcid=qrcode&text=",
          "type": "String",
          "metadata": {
            "schemaName": "new_BarcodeUrl",
            "description": "The Visitor Management System uses an external service to create barcodes"
          }
        }
      },
      "triggers": {
        "manual": {
          "metadata": {
            "operationMetadataId": "36257f7b-6aa2-41a3-8812-73a91fee0b2d"
          },
          "type": "Request",
          "kind": "PowerAppV2",
          "inputs": {
            "schema": {
              "type": "object",
              "properties": {
                "text": {
                  "title": "Visitor Card HTML",
                  "type": "string",
                  "x-ms-dynamically-added": true,
                  "description": "Please enter your input",
                  "x-ms-content-hint": "TEXT"
                },
                "text_1": {
                  "title": "Barcode",
                  "type": "string",
                  "x-ms-dynamically-added": true,
                  "description": "Please enter your input",
                  "x-ms-content-hint": "TEXT"
                },
                "text_2": {
                  "title": "Printerid",
                  "type": "string",
                  "x-ms-dynamically-added": true,
                  "description": "Please enter your input",
                  "x-ms-content-hint": "TEXT"
                },
                "text_3": {
                  "title": "Photo",
                  "type": "string",
                  "x-ms-dynamically-added": true,
                  "description": "Please enter your input",
                  "x-ms-content-hint": "TEXT"
                }
              },
              "required": [
                "text",
                "text_1",
                "text_2",
                "text_3"
              ]
            }
          }
        }
      },
      "actions": {
        "Print_PDF_via_PrintNode": {
          "runAfter": {
            "Base64_PDF": [
              "Succeeded"
            ]
          },
          "metadata": {
            "operationMetadataId": "d19d8f3a-15d5-47c1-82a6-5e03aaa29302"
          },
          "type": "Http",
          "inputs": {
            "method": "POST",
            "uri": "https://api.printnode.com/printjobs",
            "headers": {
              "Authorization": "@{outputs('PrintNode_Authorization')}",
              "Content-type": "application/json"
            },
            "body": {
              "printerId": "@variables('PrinterId')",
              "title": "@{variables('Barcode')}",
              "contentType": "pdf_base64",
              "content": "@{outputs('Base64_PDF')}",
              "source": "Visitor Management App",
              "rotate": 90
            }
          }
        },
        "Base64_PDF": {
          "runAfter": {
            "PrintNode_Authorization": [
              "Succeeded"
            ]
          },
          "metadata": {
            "operationMetadataId": "38504cd3-a2fb-469c-8929-f62439d8ca72"
          },
          "type": "Compose",
          "inputs": "@base64(outputs('Get_file_content')?['body'])"
        },
        "PrintNode_Authorization": {
          "runAfter": {
            "Apply_to_each": [
              "Succeeded"
            ]
          },
          "metadata": {
            "operationMetadataId": "87677d16-d70b-4810-bc3a-e7aa4cf3c19c"
          },
          "type": "Compose",
          "inputs": "Basic @{base64('z-AnFYysVFl1akQjOmD0MrxS19s8g1lJ-sO20K-npb0')}",
          "description": "base64('omtquxLZBq-_MD7nHWGBwDOT9WKbvNeyLpybOLGnhhw')"
        },
        "Get_file_content": {
          "runAfter": {
            "Create_file_2": [
              "Succeeded"
            ]
          },
          "metadata": {
            "operationMetadataId": "738371cd-3feb-464b-aef4-9337c48a098c"
          },
          "type": "OpenApiConnection",
          "inputs": {
            "host": {
              "connectionName": "shared_onedriveforbusiness_1",
              "operationId": "GetFileContent",
              "apiId": "/providers/Microsoft.PowerApps/apis/shared_onedriveforbusiness"
            },
            "parameters": {
              "id": "@outputs('Create_file_2')?['body/Id']",
              "inferContentType": true
            },
            "authentication": "@parameters('$authentication')"
          }
        },
        "Create_file_2": {
          "runAfter": {
            "Convert_file": [
              "Succeeded"
            ]
          },
          "metadata": {
            "operationMetadataId": "ce179fdd-fbe4-4a00-bce6-ae64ad681fdf"
          },
          "type": "OpenApiConnection",
          "inputs": {
            "host": {
              "connectionName": "shared_onedriveforbusiness_1",
              "operationId": "CreateFile",
              "apiId": "/providers/Microsoft.PowerApps/apis/shared_onedriveforbusiness"
            },
            "parameters": {
              "folderPath": "/Visitor Management",
              "name": "@{variables('Barcode')}.pdf",
              "body": "@outputs('Convert_file')?['body']"
            },
            "authentication": "@parameters('$authentication')"
          },
          "runtimeConfiguration": {
            "contentTransfer": {
              "transferMode": "Chunked"
            }
          }
        },
        "Convert_file": {
          "runAfter": {
            "Get_HTML_file_content": [
              "Succeeded"
            ]
          },
          "metadata": {
            "operationMetadataId": "51c98911-5400-44ce-928f-c96b245c5b99"
          },
          "type": "OpenApiConnection",
          "inputs": {
            "host": {
              "connectionName": "shared_onedriveforbusiness_1",
              "operationId": "ConvertFile",
              "apiId": "/providers/Microsoft.PowerApps/apis/shared_onedriveforbusiness"
            },
            "parameters": {
              "id": "@outputs('Create_file')?['body/Id']",
              "type": "PDF"
            },
            "authentication": "@parameters('$authentication')"
          }
        },
        "Create_file": {
          "runAfter": {
            "Add_barcode_link_to_Visitor_Card_HTML": [
              "Succeeded"
            ]
          },
          "metadata": {
            "operationMetadataId": "d33a545d-e157-4c78-9955-7bda88cb6b2f"
          },
          "type": "OpenApiConnection",
          "inputs": {
            "host": {
              "connectionName": "shared_onedriveforbusiness_1",
              "operationId": "CreateFile",
              "apiId": "/providers/Microsoft.PowerApps/apis/shared_onedriveforbusiness"
            },
            "parameters": {
              "folderPath": "/Visitor Management/",
              "name": "@{variables('Barcode')}.html",
              "body": "@outputs('Add_barcode_link_to_Visitor_Card_HTML')"
            },
            "authentication": "@parameters('$authentication')"
          },
          "runtimeConfiguration": {
            "contentTransfer": {
              "transferMode": "Chunked"
            }
          }
        },
        "Add_barcode_link_to_Visitor_Card_HTML": {
          "runAfter": {
            "Set_BarcodeLink": [
              "Succeeded"
            ]
          },
          "metadata": {
            "operationMetadataId": "a334b727-7f14-46e6-a16e-9b926d9819c8"
          },
          "type": "Compose",
          "inputs": "@replace(variables('VisitorCardHtml'),'{barcode}',variables('BarcodeLink'))",
          "description": "replace(variables('VisitorCardHtml'),'{barcode}',variables('BarcodeLink'))"
        },
        "VisitorCardHtml": {
          "runAfter": {},
          "metadata": {
            "operationMetadataId": "c70d8fdc-9884-4383-bfc9-c29167a862bc"
          },
          "type": "InitializeVariable",
          "inputs": {
            "variables": [
              {
                "name": "VisitorCardHtml",
                "type": "string",
                "value": "@triggerBody()['text']"
              }
            ]
          }
        },
        "Barcode": {
          "runAfter": {
            "VisitorCardHtml": [
              "Succeeded"
            ]
          },
          "metadata": {
            "operationMetadataId": "3bbd569c-1c81-483e-ad2e-9d364efd758c"
          },
          "type": "InitializeVariable",
          "inputs": {
            "variables": [
              {
                "name": "Barcode",
                "type": "string",
                "value": "@triggerBody()['text_1']"
              }
            ]
          }
        },
        "Get_Barcode": {
          "runAfter": {
            "BarcodeLink": [
              "Succeeded"
            ]
          },
          "metadata": {
            "operationMetadataId": "e53cce86-0a89-4db4-a54d-1abfff35967e"
          },
          "type": "Http",
          "inputs": {
            "method": "GET",
            "uri": "@{parameters('Barcode Url (new_BarcodeUrl)')}@{variables('Barcode')} &scale=1'"
          }
        },
        "Set_BarcodeLink": {
          "runAfter": {
            "Get_Barcode": [
              "Succeeded"
            ]
          },
          "metadata": {
            "operationMetadataId": "c4f16696-4b5f-4622-b8d9-b2ed9dc33976"
          },
          "type": "SetVariable",
          "inputs": {
            "name": "BarcodeLink",
            "value": "data:image/png;base64, @{body('Get_Barcode')?['$content']}"
          }
        },
        "BarcodeLink": {
          "runAfter": {
            "Compose": [
              "Succeeded"
            ]
          },
          "metadata": {
            "operationMetadataId": "39774edf-bac7-4922-a103-34fa14bd4eda"
          },
          "type": "InitializeVariable",
          "inputs": {
            "variables": [
              {
                "name": "BarcodeLink",
                "type": "string"
              }
            ]
          }
        },
        "PrinterId": {
          "runAfter": {
            "Barcode": [
              "Succeeded"
            ]
          },
          "metadata": {
            "operationMetadataId": "b0980336-64d9-488a-b4f0-210710931f7e"
          },
          "type": "InitializeVariable",
          "inputs": {
            "variables": [
              {
                "name": "PrinterId",
                "type": "string",
                "value": "@triggerBody()['text_2']"
              }
            ]
          }
        },
        "List_rows": {
          "runAfter": {
            "Get_file_content": [
              "Succeeded"
            ]
          },
          "metadata": {
            "operationMetadataId": "11c7c93a-862d-4ca5-a316-928d54dc1092"
          },
          "type": "OpenApiConnection",
          "inputs": {
            "host": {
              "connectionName": "shared_commondataserviceforapps",
              "operationId": "ListRecords",
              "apiId": "/providers/Microsoft.PowerApps/apis/shared_commondataserviceforapps"
            },
            "parameters": {
              "entityName": "new_visitorlogs",
              "$filter": "new_barcode eq '@{variables('Barcode')}'"
            },
            "authentication": "@parameters('$authentication')"
          }
        },
        "Apply_to_each": {
          "foreach": "@outputs('List_rows')?['body/value']",
          "actions": {
            "Upload_a_file_or_an_image": {
              "runAfter": {},
              "metadata": {
                "operationMetadataId": "43997e49-654f-4d05-aa3c-96155319ece7"
              },
              "type": "OpenApiConnection",
              "inputs": {
                "host": {
                  "connectionName": "shared_commondataserviceforapps",
                  "operationId": "UpdateEntityFileImageFieldContent",
                  "apiId": "/providers/Microsoft.PowerApps/apis/shared_commondataserviceforapps"
                },
                "parameters": {
                  "entityName": "new_visitorlogs",
                  "recordId": "@items('Apply_to_each')?['new_visitorlogid']",
                  "fileImageFieldName": "new_visitorpass",
                  "item": "@body('Get_file_content')",
                  "x-ms-file-name": "@outputs('Create_file_2')?['body/Name']"
                },
                "authentication": "@parameters('$authentication')"
              }
            },
            "Upload_a_file_or_an_image_2": {
              "runAfter": {
                "Upload_a_file_or_an_image": [
                  "Succeeded"
                ]
              },
              "metadata": {
                "operationMetadataId": "71dc8507-01ac-4464-afcc-cb9a94b384c5"
              },
              "type": "OpenApiConnection",
              "inputs": {
                "host": {
                  "connectionName": "shared_commondataserviceforapps",
                  "operationId": "UpdateEntityFileImageFieldContent",
                  "apiId": "/providers/Microsoft.PowerApps/apis/shared_commondataserviceforapps"
                },
                "parameters": {
                  "entityName": "new_visitorlogs",
                  "recordId": "@items('Apply_to_each')?['new_visitorlogid']",
                  "fileImageFieldName": "new_visitorpasshtml",
                  "item": "@body('Get_HTML_file_content')",
                  "x-ms-file-name": "@outputs('Create_file')?['body/Name']"
                },
                "authentication": "@parameters('$authentication')"
              }
            }
          },
          "runAfter": {
            "List_rows": [
              "Succeeded"
            ]
          },
          "metadata": {
            "operationMetadataId": "02157c7e-db75-43a8-800b-46960fc26710"
          },
          "type": "Foreach"
        },
        "Delete_file": {
          "runAfter": {
            "Print_PDF_via_PrintNode": [
              "Succeeded"
            ]
          },
          "metadata": {
            "operationMetadataId": "3f130ff0-9a13-455e-ba00-f3cae3e66a8b"
          },
          "type": "OpenApiConnection",
          "inputs": {
            "host": {
              "connectionName": "shared_onedriveforbusiness_1",
              "operationId": "DeleteFile",
              "apiId": "/providers/Microsoft.PowerApps/apis/shared_onedriveforbusiness"
            },
            "parameters": {
              "id": "@outputs('Create_file')?['body/Id']"
            },
            "authentication": "@parameters('$authentication')"
          }
        },
        "Delete_file_2": {
          "runAfter": {
            "Delete_file": [
              "Succeeded"
            ]
          },
          "metadata": {
            "operationMetadataId": "aee130c6-6f38-45c9-b8b2-876c4fac1295"
          },
          "type": "OpenApiConnection",
          "inputs": {
            "host": {
              "connectionName": "shared_onedriveforbusiness_1",
              "operationId": "DeleteFile",
              "apiId": "/providers/Microsoft.PowerApps/apis/shared_onedriveforbusiness"
            },
            "parameters": {
              "id": "@outputs('Create_file_2')?['body/Id']"
            },
            "authentication": "@parameters('$authentication')"
          }
        },
        "Get_HTML_file_content": {
          "runAfter": {
            "Create_file": [
              "Succeeded"
            ]
          },
          "metadata": {
            "operationMetadataId": "0aa1eba5-c946-49d1-af58-dc63bd6bd50b"
          },
          "type": "OpenApiConnection",
          "inputs": {
            "host": {
              "connectionName": "shared_onedriveforbusiness_1",
              "operationId": "GetFileContent",
              "apiId": "/providers/Microsoft.PowerApps/apis/shared_onedriveforbusiness"
            },
            "parameters": {
              "id": "@outputs('Create_file')?['body/Id']",
              "inferContentType": true
            },
            "authentication": "@parameters('$authentication')"
          }
        },
        "Condition": {
          "actions": {
            "Get_Photograph": {
              "runAfter": {},
              "metadata": {
                "operationMetadataId": "11c7c93a-862d-4ca5-a316-928d54dc1092"
              },
              "type": "OpenApiConnection",
              "inputs": {
                "host": {
                  "connectionName": "shared_commondataserviceforapps",
                  "operationId": "ListRecords",
                  "apiId": "/providers/Microsoft.PowerApps/apis/shared_commondataserviceforapps"
                },
                "parameters": {
                  "entityName": "new_visitorlogs",
                  "$filter": "new_barcode eq '@{variables('Barcode')}'"
                },
                "authentication": "@parameters('$authentication')"
              }
            },
            "Apply_to_each_2": {
              "foreach": "@outputs('Get_Photograph')?['body/value']",
              "actions": {
                "Download_a_file_or_an_image": {
                  "runAfter": {},
                  "metadata": {
                    "operationMetadataId": "8974a095-305e-41f2-ab57-4b6656f9f2ca"
                  },
                  "type": "OpenApiConnection",
                  "inputs": {
                    "host": {
                      "connectionName": "shared_commondataserviceforapps",
                      "operationId": "GetEntityFileImageFieldContent",
                      "apiId": "/providers/Microsoft.PowerApps/apis/shared_commondataserviceforapps"
                    },
                    "parameters": {
                      "entityName": "new_visitorlogs",
                      "recordId": "@items('Apply_to_each_2')?['new_visitorlogid']",
                      "fileImageFieldName": "new_visitorphotograph"
                    },
                    "authentication": "@parameters('$authentication')"
                  }
                },
                "Set_Photograph": {
                  "runAfter": {
                    "Download_a_file_or_an_image": [
                      "Succeeded"
                    ]
                  },
                  "metadata": {
                    "operationMetadataId": "a233fe4d-a9a6-4b69-b7fc-9aafce55a2f3"
                  },
                  "type": "SetVariable",
                  "inputs": {
                    "name": "Photograph",
                    "value": "data:image/png;base64, @{body('Download_a_file_or_an_image')?['$content']}"
                  }
                },
                "Add_photograph_link_to_Visitor_Card_HTML": {
                  "runAfter": {
                    "Set_Photograph": [
                      "Succeeded"
                    ]
                  },
                  "metadata": {
                    "operationMetadataId": "a334b727-7f14-46e6-a16e-9b926d9819c8"
                  },
                  "type": "Compose",
                  "inputs": "@replace(variables('VisitorCardHtml'), '{photograph}', variables('Photograph'))",
                  "description": "replace(variables('VisitorCardHtml'), '{photograph}', variables('Photograph'))"
                },
                "Update_Visitor_Card_HTML": {
                  "runAfter": {
                    "Add_photograph_link_to_Visitor_Card_HTML": [
                      "Succeeded"
                    ]
                  },
                  "metadata": {
                    "operationMetadataId": "5304dbbd-2005-460a-b258-da434a468eeb"
                  },
                  "type": "SetVariable",
                  "inputs": {
                    "name": "VisitorCardHtml",
                    "value": "@{outputs('Add_photograph_link_to_Visitor_Card_HTML')}"
                  }
                }
              },
              "runAfter": {
                "Get_Photograph": [
                  "Succeeded"
                ]
              },
              "metadata": {
                "operationMetadataId": "bbb69975-837f-4cc5-9529-e87db986a5ae"
              },
              "type": "Foreach"
            }
          },
          "runAfter": {
            "Photograph": [
              "Succeeded"
            ]
          },
          "expression": {
            "equals": [
              "@triggerBody()['text_3']",
              "Yes"
            ]
          },
          "metadata": {
            "operationMetadataId": "1f473b87-4e36-43f8-861a-b8bbd947488e"
          },
          "type": "If"
        },
        "Photograph": {
          "runAfter": {
            "PrinterId": [
              "Succeeded"
            ]
          },
          "metadata": {
            "operationMetadataId": "e77baebc-caae-4fee-86c5-dc5ee5285790"
          },
          "type": "InitializeVariable",
          "inputs": {
            "variables": [
              {
                "name": "Photograph",
                "type": "string"
              }
            ]
          }
        },
        "Compose": {
          "runAfter": {
            "Condition": [
              "Succeeded"
            ]
          },
          "metadata": {
            "operationMetadataId": "cc17b567-d536-49a1-90b9-a7d3b8010904"
          },
          "type": "Compose",
          "inputs": "@variables('VisitorCardHtml')"
        }
      }
    },
    "templateName": ""
  },
  "schemaVersion": "1.0.0.0"
}